application_id,applicant_name,email,phone,age,gender,city,province,education_level,university,cgpa,skills,experience_months,preferred_department,application_source,expected_stipend_pkr,submitted_at,linkedin_url,skill_count,experience_years
INT-10285,Mariam Qureshi,mariam.qureshi285@yahoo.com,03438331996,26,Male,Lahore,Punjab,BS Computer Science,NED University,2.98,"Git, Excel, SQL, Tableau",4,Business Intelligence,Referral,39000,2025-03-12 03:25:00,https://www.linkedin.com/in/mariam-qureshi285,4,0.3
INT-10781,Fatima Shah,fatima.shah781@outlook.com,03225758700,24,Male,Multan,Punjab,BS Computer Science,NUST,3.54,"SQL, Git, Communication, Statistics, Data Visualization, Tableau",6,Business Intelligence,Internee.pk,10000,2025-04-28 19:42:00,https://www.linkedin.com/in/fatima-shah781,6,0.5
INT-10024,Noor Malik,noor.malik24@yahoo.com,03066174346,30,Male,Multan,Punjab,BS Computer Science,FAST NUCES,4.0,"Tableau, Git, Power BI",14,Software Development,University Portal,29000,2025-04-13 18:42:00,https://www.linkedin.com/in/noor-malik24,3,1.2
INT-20010,Iqra Soomro,iqra.soomro846@outlook.com,03355903200,24,Male,Sukkur,Sindh,BBA,University of Karachi,3.44,"Html, Css, Python",10,Human Resources,University Portal,35000,2025-04-28 20:33:00,https://www.linkedin.com/in/iqra-soomro846,3,0.8
INT-10233,Ali Rajput,ali.rajput233@outlook.com,03363065695,23,Male,Islamabad,Islamabad Capital Territory,BS Statistics,University of Sindh,2.41,"Data Visualization, Communication",5,Software Development,Indeed,19000,2025-04-18 22:13:00,https://www.linkedin.com/in/ali-rajput233,2,0.4
INT-10565,Noor Baloch,noor.baloch565@icloud.com,03114230640,28,Female,Lahore,Punjab,BS Information Technology,Mehran University,3.09,"SQL, Python, Pandas, Excel, Communication",14,Data Analytics,LinkedIn,10000,2025-04-21 08:25:00,https://www.linkedin.com/in/noor-baloch565,5,1.2
INT-10689,Farhan Shah,farhan.shah689@outlook.com,03209688987,22,Female,Gujranwala,Punjab,BS Statistics,FAST NUCES,2.11,"Statistics, Tableau, SQL, Machine Learning",9,Data Analytics,Referral,26000,2025-04-26 16:13:00,https://www.linkedin.com/in/farhan-shah689,4,0.8
INT-20011,Noor Siddiqui,noor.siddiqui83@yahoo.com,03438231137,23,Male,Islamabad,Islamabad Capital Territory,BS Economics,NUST,3.2,"Power BI, Communication, Statistics, SQL, Tableau, Python",24,Marketing,LinkedIn,21000,2025-03-19 02:19:00,https://www.linkedin.com/in/noor-siddiqui83,6,2.0
INT-10623,Hamza Mirza,hamza.mirza623@icloud.com,03416361749,20,Female,Islamabad,Islamabad Capital Territory,BS Economics,Punjab University,2.79,"Power BI, Git",13,Data Analytics,Direct,36000,2025-04-01 22:40:00,Not Provided,2,1.1
INT-10148,Zain Rajput,zain.rajput148@icloud.com,03428757516,29,Female,Lahore,Punjab,BBA,NED University,3.08,"Excel, Machine Learning, Pandas, Data Visualization",12,Data Analytics,LinkedIn,11000,2025-04-01 18:48:00,Not Provided,4,1.0
INT-10588,Bilal Shah,bilal.shah588@outlook.com,03381742762,22,Male,Rawalpindi,Punjab,BS Information Technology,Bahria University,3.16,"Tableau, Excel, Machine Learning, Statistics",12,Data Analytics,LinkedIn,30000,2025-04-05 22:28:00,https://www.linkedin.com/in/bilal-shah588,4,1.0
INT-10849,Eman Rind,eman.rind849@yahoo.com,03196829359,20,Female,Quetta,Balochistan,BS Software Engineering,COMSATS University,3.07,"Tableau, Pandas, Git",11,Human Resources,Indeed,48000,2025-03-07 19:54:00,https://www.linkedin.com/in/eman-rind849,3,0.9
INT-20005,Ahsan Memon,ahsan.memon669@outlook.com,03447043621,26,Male,Khairpur,Sindh,BS Statistics,Shah Abdul Latif University,2.59,"SQL, Pandas, Statistics, Data Visualization",29,Marketing,Direct,25000,2025-03-09 18:09:00,https://www.linkedin.com/in/ahsan-memon669,4,2.4
INT-10776,Rida Ansari,rida.ansari776@icloud.com,03381608253,20,Female,Abbottabad,Khyber Pakhtunkhwa,BS Information Technology,IBA Karachi,2.51,"Power BI, Machine Learning, Python, Communication, SQL, Html, Css",4,Software Development,Internee.pk,48000,2025-03-08 02:58:00,https://www.linkedin.com/in/rida-ansari776,7,0.3
INT-10696,Bilal Syed,bilal.syed696@yahoo.com,03338148624,28,Male,Lahore,Punjab,BBA,COMSATS University,2.78,"Excel, Html, Css",8,Software Development,Internee.pk,36000,2025-03-17 13:50:00,https://www.linkedin.com/in/bilal-syed696,3,0.7
INT-10698,Hira Rind,hira.rind698@gmail.com,03265891815,25,Male,Lahore,Punjab,BS Computer Science,LUMS,2.9,"Machine Learning, Git, Excel, Communication",6,Finance,University Portal,28000,2025-03-25 05:49:00,https://www.linkedin.com/in/hira-rind698,4,0.5
INT-10826,Rida Bhatti,rida.bhatti826@icloud.com,03007015134,27,Male,Islamabad,Islamabad Capital Territory,BS Statistics,Shah Abdul Latif University,3.27,"Excel, Html, Css, Git, Pandas, Machine Learning, SQL",1,Data Analytics,Indeed,20000,2025-03-21 08:41:00,https://www.linkedin.com/in/rida-bhatti826,7,0.1
INT-10750,Danish Soomro,danish.soomro750@outlook.com,03054627106,29,Male,Abbottabad,Khyber Pakhtunkhwa,BS Information Technology,Punjab University,3.33,"Tableau, Machine Learning, Git",8,Human Resources,Referral,23000,2025-03-03 06:22:00,https://www.linkedin.com/in/danish-soomro750,3,0.7
INT-10365,Shayan Chandio,shayan.chandio365@yahoo.com,03067557742,20,Female,Peshawar,Khyber Pakhtunkhwa,BS Software Engineering,NED University,3.3,"Power BI, Statistics, Communication, Html, Css, Machine Learning, Python",4,Product,Referral,20000,2025-04-08 14:51:00,https://www.linkedin.com/in/shayan-chandio365,7,0.3
INT-10082,Hira Malik,hira.malik82@gmail.com,03428172344,30,Male,Mardan,Khyber Pakhtunkhwa,BS Information Technology,Bahria University,2.0,"Excel, Communication",22,Data Analytics,Internee.pk,51000,2025-03-10 01:36:00,https://www.linkedin.com/in/hira-malik82,2,1.8
INT-10687,Mariam Memon,mariam.memon687@gmail.com,03347672111,23,Female,Hyderabad,Sindh,BS Computer Science,University of Sindh,2.59,"Data Visualization, Communication, SQL",6,Data Analytics,University Portal,20000,2025-04-17 09:11:00,https://www.linkedin.com/in/mariam-memon687,3,0.5
INT-10411,Sana Siddiqui,sana.siddiqui411@outlook.com,03067297631,25,Male,Karachi,Sindh,BBA,NUST,3.54,"Excel, Statistics, Communication, Pandas, Tableau",15,Data Analytics,Referral,54000,2025-04-17 12:26:00,https://www.linkedin.com/in/sana-siddiqui411,5,1.2
INT-10704,Mahnoor Soomro,mahnoor.soomro704@yahoo.com,03440647851,29,Female,Islamabad,Islamabad Capital Territory,BS Software Engineering,Bahria University,3.17,"Power BI, Pandas, Git, Html, Css, Machine Learning",8,Data Analytics,Referral,10000,2025-04-08 14:08:00,https://www.linkedin.com/in/mahnoor-soomro704,6,0.7
INT-10450,Mariam Rajput,mariam.rajput450@gmail.com,03043343016,23,Male,Faisalabad,Punjab,BS Data Science,IBA Karachi,2.78,"Power BI, Html, Css, Machine Learning, Git",19,Product,Internee.pk,33000,2025-03-08 23:58:00,https://www.linkedin.com/in/mariam-rajput450,5,1.6
INT-10743,Hamza Abbasi,hamza.abbasi743@gmail.com,03110795650,28,Male,Rawalpindi,Punjab,BS Information Technology,Shah Abdul Latif University,2.95,"Communication, Excel, Power BI, Git",15,Product,Referral,30000,2025-04-23 19:36:00,https://www.linkedin.com/in/hamza-abbasi743,4,1.2
INT-10035,Zain Chandio,zain.chandio35@icloud.com,03223708773,27,Male,Karachi,Sindh,BBA,FAST NUCES,2.8,"Statistics, Python, Machine Learning, Communication",13,Finance,Direct,30000,2025-03-30 05:59:00,https://www.linkedin.com/in/zain-chandio35,4,1.1
INT-10241,Zara Qureshi,zara.qureshi241@gmail.com,03066265598,18,Male,Sukkur,Sindh,BS Data Science,IBA Karachi,2.2,"Excel, Tableau",9,Data Analytics,University Portal,29000,2025-03-31 01:53:00,https://www.linkedin.com/in/zara-qureshi241,2,0.8
INT-10081,Rida Soomro,rida.soomro81@gmail.com,03113769345,22,Female,Peshawar,Khyber Pakhtunkhwa,BS Information Technology,COMSATS University,2.79,"Data Visualization, Communication",19,Human Resources,University Portal,31000,2025-03-24 17:21:00,https://www.linkedin.com/in/rida-soomro81,2,1.6
INT-10787,Fatima Memon,fatima.memon787@outlook.com,03386310031,24,Female,Nawabshah,Sindh,BS Computer Science,IBA Karachi,3.15,"Power BI, SQL, Communication, Data Visualization, Excel, Pandas",3,Marketing,University Portal,27000,2025-03-17 20:34:00,https://www.linkedin.com/in/fatima-memon787,6,0.2
INT-10709,Areeba Jatoi,areeba.jatoi709@gmail.com,03012753228,27,Male,Khairpur,Sindh,BS Statistics,Shah Abdul Latif University,2.82,"Pandas, Machine Learning, Excel, SQL, Statistics",4,Human Resources,University Portal,49000,2025-04-26 22:35:00,https://www.linkedin.com/in/areeba-jatoi709,5,0.3
INT-10710,Hira Memon,hira.memon710@yahoo.com,03382749004,25,Male,Karachi,Sindh,BS Computer Science,University of Karachi,3.01,"Pandas, Statistics, SQL, Git, Power BI",15,Finance,University Portal,50000,2025-04-15 13:07:00,https://www.linkedin.com/in/hira-memon710,5,1.2
INT-10820,Shayan Rind,shayan.rind820@outlook.com,03246791065,23,Female,Hyderabad,Sindh,BBA,Bahria University,2.66,"Excel, Git",6,Human Resources,Direct,10000,2025-04-26 23:32:00,https://www.linkedin.com/in/shayan-rind820,2,0.5
INT-10177,Yasir Mirza,yasir.mirza177@gmail.com,03417226587,25,Female,Larkana,Sindh,BS Information Technology,LUMS,3.06,"Machine Learning, Git, Excel, Power BI, Tableau, Python",2,Software Development,Indeed,44000,2025-03-23 05:53:00,https://www.linkedin.com/in/yasir-mirza177,6,0.2
INT-10364,Eman Khan,eman.khan364@outlook.com,03307986313,26,Male,Quetta,Balochistan,BS Data Science,University of Karachi,3.15,"Git, Communication, Html, Css, SQL, Excel, Machine Learning",13,Marketing,University Portal,30000,2025-04-23 14:40:00,https://www.linkedin.com/in/eman-khan364,7,1.1
INT-10020,Saad Ali,saad.ali20@gmail.com,03118178792,27,Female,Larkana,Sindh,BS Information Technology,Bahria University,2.89,"Git, Statistics, Html, Css",15,Product,Internee.pk,51000,2025-04-06 00:11:00,https://www.linkedin.com/in/saad-ali20,4,1.2
INT-10249,Mariam Chandio,mariam.chandio249@outlook.com,03094852688,26,Female,Faisalabad,Punjab,BS Information Technology,FAST NUCES,3.42,"Pandas, Html, Css, Excel, Communication",14,Product,Direct,20000,2025-04-22 23:58:00,https://www.linkedin.com/in/mariam-chandio249,5,1.2
INT-10501,Hussain Bhatti,hussain.bhatti501@icloud.com,03435726438,23,Male,Faisalabad,Punjab,BS Computer Science,LUMS,2.88,"Git, Machine Learning",18,Business Intelligence,Indeed,21000,2025-03-07 13:58:00,https://www.linkedin.com/in/hussain-bhatti501,2,1.5
INT-10677,Danish Abbasi,danish.abbasi677@gmail.com,03067297354,24,Female,Abbottabad,Khyber Pakhtunkhwa,BBA,NED University,3.12,"Html, Css, Data Visualization, Communication, Tableau, Power BI",3,Business Intelligence,LinkedIn,44000,2025-04-15 15:34:00,https://www.linkedin.com/in/danish-abbasi677,6,0.2
INT-10289,Saad Soomro,saad.soomro289@gmail.com,03224816486,24,Male,Sukkur,Sindh,BS Economics,IBA Karachi,2.77,"Pandas, Machine Learning, Communication, Data Visualization, Html, Css",24,Finance,Indeed,19000,2025-04-15 18:53:00,https://www.linkedin.com/in/saad-soomro289,6,2.0
INT-20037,Hamza Mirza,hamza.mirza441@gmail.com,03324007796,25,Female,Khairpur,Sindh,BS Computer Science,FAST NUCES,3.17,"Machine Learning, Power BI, Excel, Html, Css",1,Human Resources,LinkedIn,41000,2025-03-21 04:24:00,https://www.linkedin.com/in/hamza-mirza441,5,0.1
INT-10794,Bilal Abbasi,bilal.abbasi794@outlook.com,03427686729,20,Male,Multan,Punjab,BS Statistics,Punjab University,2.62,"Python, Html, Css, Tableau, Git",15,Data Analytics,Direct,32000,2025-04-07 22:21:00,https://www.linkedin.com/in/bilal-abbasi794,5,1.2
INT-10416,Danish Soomro,danish.soomro416@gmail.com,03302342641,25,Female,Sukkur,Sindh,BS Computer Science,NED University,4.0,"Python, Pandas, Git, Html, Css, SQL, Data Visualization",1,Software Development,LinkedIn,42000,2025-03-23 04:14:00,https://www.linkedin.com/in/danish-soomro416,7,0.1
INT-10502,Zara Siddiqui,zara.siddiqui502@gmail.com,03323149655,24,Male,Peshawar,Khyber Pakhtunkhwa,BS Information Technology,LUMS,2.58,"Pandas, Statistics, Communication, Python, Power BI, Tableau",12,Marketing,Indeed,28000,2025-03-20 10:29:00,https://www.linkedin.com/in/zara-siddiqui502,6,1.0
INT-10297,Nimra Siddiqui,nimra.siddiqui297@outlook.com,03411757422,26,Female,Rawalpindi,Punjab,BS Information Technology,Bahria University,2.22,"Tableau, Power BI, Git, Statistics, SQL, Machine Learning",31,Finance,Internee.pk,16000,2025-04-16 02:01:00,https://www.linkedin.com/in/nimra-siddiqui297,6,2.6
INT-10061,Usman Rajput,usman.rajput61@icloud.com,03447336533,22,Male,Khairpur,Sindh,BS Software Engineering,LUMS,3.5,"Data Visualization, Machine Learning, Statistics, Tableau, Python, Power BI",18,Data Analytics,Direct,50000,2025-04-22 11:00:00,https://www.linkedin.com/in/usman-rajput61,6,1.5
INT-10725,Laiba Syed,laiba.syed725@icloud.com,03305262847,21,Female,Mardan,Khyber Pakhtunkhwa,BS Information Technology,NUST,2.81,"Statistics, Python",9,Finance,Direct,29000,2025-04-18 05:36:00,https://www.linkedin.com/in/laiba-syed725,2,0.8
INT-10504,Talha Rind,talha.rind504@icloud.com,03282213842,28,Male,Hyderabad,Sindh,BS Computer Science,NED University,2.66,"Excel, Python, Data Visualization",7,Software Development,LinkedIn,39000,2025-03-20 19:23:00,https://www.linkedin.com/in/talha-rind504,3,0.6
INT-10423,Ali Soomro,ali.soomro423@icloud.com,03266215193,23,Female,Larkana,Sindh,BS Information Technology,University of Sindh,3.16,"Machine Learning, Html, Css, Communication, Statistics, Python",12,Data Analytics,Direct,33000,2025-03-08 09:39:00,https://www.linkedin.com/in/ali-soomro423,6,1.0
INT-20018,Zara Ali,zara.ali317@icloud.com,03408668882,25,Male,Nawabshah,Sindh,BS Information Technology,Shah Abdul Latif University,3.48,"Git, Power BI, Html, Css, SQL, Statistics",1,Data Analytics,LinkedIn,44000,2025-04-21 05:02:00,https://www.linkedin.com/in/zara-ali317,6,0.1
INT-10319,Mahnoor Siddiqui,mahnoor.siddiqui319@icloud.com,03055683190,26,Male,Nawabshah,Sindh,BS Statistics,Mehran University,3.12,"SQL, Pandas, Communication, Git, Tableau, Power BI",6,Human Resources,Direct,56000,2025-04-01 09:11:00,https://www.linkedin.com/in/mahnoor-siddiqui319,6,0.5
INT-10694,Muhammad Soomro,muhammad.soomro694@gmail.com,03438009150,23,Male,Gujranwala,Punjab,BS Data Science,Not Provided,3.09,"Pandas, Data Visualization, Power BI, Git",1,Business Intelligence,LinkedIn,34000,2025-04-16 03:23:00,https://www.linkedin.com/in/muhammad-soomro694,4,0.1
INT-20035,Eman Rind,eman.rind201@icloud.com,03150945407,22,Male,Gujranwala,Punjab,BS Computer Science,University of Karachi,3.51,"Machine Learning, Python, Git, Power BI, Data Visualization",13,Data Analytics,Direct,30000,2025-04-11 00:30:00,https://www.linkedin.com/in/eman-rind201,5,1.1
INT-10686,Ahsan Malik,ahsan.malik686@outlook.com,03054819296,32,Male,Karachi,Sindh,BS Computer Science,Bahria University,3.06,"Data Visualization, Tableau, Html, Css",9,Software Development,Indeed,13000,2025-04-11 23:30:00,https://www.linkedin.com/in/ahsan-malik686,4,0.8
INT-10854,Zara Ahmed,zara.ahmed854@outlook.com,03414370125,25,Female,Islamabad,Islamabad Capital Territory,BS Computer Science,Shah Abdul Latif University,3.13,"Machine Learning, Communication, Git, SQL, Tableau",9,Human Resources,Referral,27000,2025-03-12 20:49:00,https://www.linkedin.com/in/zara-ahmed854,5,0.8
INT-10695,Talha Siddiqui,talha.siddiqui695@gmail.com,03034612934,25,Female,Khairpur,Sindh,BS Computer Science,FAST NUCES,3.27,"Machine Learning, Excel",7,Data Analytics,Internee.pk,39000,2025-03-05 01:24:00,https://www.linkedin.com/in/talha-siddiqui695,2,0.6
INT-10118,Yasir Ansari,yasir.ansari118@gmail.com,03222373803,23,Female,Gujranwala,Punjab,BS Data Science,University of Sindh,2.9,"Tableau, Data Visualization",21,Software Development,LinkedIn,20000,2025-04-21 11:41:00,https://www.linkedin.com/in/yasir-ansari118,2,1.8
INT-10571,Areeba Bhatti,areeba.bhatti571@yahoo.com,03342207110,29,Male,Hyderabad,Sindh,BS Software Engineering,NED University,2.74,"Excel, Data Visualization",16,Software Development,Referral,37000,2025-03-10 06:27:00,https://www.linkedin.com/in/areeba-bhatti571,2,1.3
INT-10646,Talha Memon,talha.memon646@outlook.com,03001564760,29,Female,Khairpur,Sindh,BS Information Technology,COMSATS University,2.85,Not Specified,4,Human Resources,Internee.pk,27000,2025-04-18 10:54:00,Not Provided,0,0.3
INT-10413,Areeba Jatoi,areeba.jatoi413@gmail.com,03362927092,28,Male,Sukkur,Sindh,BS Software Engineering,NED University,3.25,"Excel, Html, Css, Tableau, Data Visualization, Statistics",4,Marketing,University Portal,26000,2025-03-06 16:33:00,https://www.linkedin.com/in/areeba-jatoi413,6,0.3
INT-10468,Danish Chandio,danish.chandio468@yahoo.com,03372973575,24,Female,Larkana,Sindh,BS Information Technology,NED University,3.4,"Power BI, Data Visualization, Html, Css, Python, Statistics, Tableau",5,Product,Direct,47000,2025-04-09 10:11:00,https://www.linkedin.com/in/danish-chandio468,7,0.4
INT-10780,Hira Malik,hira.malik780@yahoo.com,03293192025,26,Female,Islamabad,Islamabad Capital Territory,BS Software Engineering,University of Karachi,2.6,"Python, Communication, Power BI, Machine Learning",1,Marketing,Direct,35000,2025-03-31 09:01:00,https://www.linkedin.com/in/hira-malik780,4,0.1
INT-10050,Noor Bhatti,noor.bhatti50@outlook.com,03315747643,22,Male,Gujranwala,Punjab,BS Information Technology,University of Karachi,2.6,"Git, Statistics, Machine Learning, Excel, Power BI, Tableau",17,Human Resources,Direct,26000,2025-03-23 16:08:00,https://www.linkedin.com/in/noor-bhatti50,6,1.4
INT-10196,Noor Rind,noor.rind196@icloud.com,03293545541,21,Female,Hyderabad,Sindh,BS Computer Science,University of Karachi,3.26,"Power BI, SQL, Pandas, Communication",10,Human Resources,LinkedIn,28000,2025-03-15 18:11:00,https://www.linkedin.com/in/noor-rind196,4,0.8
INT-10189,Rida Rind,rida.rind189@yahoo.com,03369583980,25,Male,Khairpur,Sindh,BS Information Technology,NUST,2.89,"Html, Css, SQL, Python, Data Visualization",21,Data Analytics,Internee.pk,36000,2025-04-23 21:02:00,https://www.linkedin.com/in/rida-rind189,5,1.8
INT-10014,Talha Rind,talha.rind14@outlook.com,03275962107,27,Male,Islamabad,Islamabad Capital Territory,BS Statistics,COMSATS University,2.54,"Git, Power BI",4,Human Resources,Direct,10000,2025-04-07 08:10:00,https://www.linkedin.com/in/talha-rind14,2,0.3
INT-10735,Bilal Chandio,bilal.chandio735@outlook.com,03441420175,22,Male,Gujranwala,Punjab,BS Computer Science,University of Karachi,2.84,"Python, Statistics, Machine Learning, Git, Tableau, SQL",20,Data Analytics,LinkedIn,32000,2025-04-06 07:37:00,https://www.linkedin.com/in/bilal-chandio735,6,1.7
INT-10372,Ali Mirza,ali.mirza372@icloud.com,03407624593,24,Male,Hyderabad,Sindh,BS Software Engineering,COMSATS University,3.0,"Tableau, SQL",10,Business Intelligence,Referral,35000,2025-03-10 01:57:00,https://www.linkedin.com/in/ali-mirza372,2,0.8
INT-10814,Sajid Ansari,sajid.ansari814@outlook.com,03415857571,26,Female,Abbottabad,Khyber Pakhtunkhwa,BS Data Science,NED University,3.05,"Html, Css, Tableau, Python",4,Data Analytics,Internee.pk,30000,2025-03-01 13:21:00,https://www.linkedin.com/in/sajid-ansari814,4,0.3
INT-10056,Talha Syed,talha.syed56@gmail.com,03194397214,23,Female,Islamabad,Islamabad Capital Territory,BBA,Punjab University,3.32,"Statistics, Python",12,Data Analytics,Direct,42000,2025-03-31 00:24:00,https://www.linkedin.com/in/talha-syed56,2,1.0
INT-10683,Laiba Rajput,laiba.rajput683@outlook.com,03277864097,26,Male,Larkana,Sindh,BS Computer Science,Bahria University,3.13,"Html, Css, Python, SQL, Tableau, Data Visualization",18,Data Analytics,Internee.pk,17000,2025-03-13 14:10:00,https://www.linkedin.com/in/laiba-rajput683,6,1.5
INT-10772,Hira Ansari,hira.ansari772@gmail.com,03338598156,27,Female,Karachi,Sindh,BS Information Technology,LUMS,3.97,"SQL, Data Visualization, Html, Css, Git, Python",7,Marketing,Indeed,34000,2025-04-03 17:28:00,https://www.linkedin.com/in/hira-ansari772,6,0.6
INT-10353,Usman Soomro,usman.soomro353@gmail.com,03243516969,26,Male,Rawalpindi,Punjab,BS Information Technology,NUST,2.89,"Communication, Statistics, Data Visualization, Git, Python, Pandas",3,Finance,University Portal,33000,2025-04-11 11:00:00,https://www.linkedin.com/in/usman-soomro353,6,0.2
INT-10100,Talha Ali,talha.ali100@outlook.com,03267452610,28,Male,Peshawar,Khyber Pakhtunkhwa,BS Economics,Punjab University,3.77,"Pandas, SQL, Excel, Git, Html, Css, Power BI",3,Human Resources,Referral,34000,2025-04-08 11:16:00,https://www.linkedin.com/in/talha-ali100,7,0.2
INT-10040,Mahnoor Shaikh,mahnoor.shaikh40@icloud.com,Not Provided,22,Male,Lahore,Punjab,BS Information Technology,Shah Abdul Latif University,3.87,"SQL, Communication",21,Marketing,Internee.pk,43000,2025-03-07 18:09:00,https://www.linkedin.com/in/mahnoor-shaikh40,2,1.8
INT-10376,Farhan Memon,farhan.memon376@outlook.com,03305141912,25,Male,Rawalpindi,Punjab,BBA,LUMS,2.92,"Python, Power BI, Data Visualization, Excel, Communication",13,Business Intelligence,Referral,10000,2025-04-23 19:07:00,https://www.linkedin.com/in/farhan-memon376,5,1.1
INT-10363,Hussain Abbasi,hussain.abbasi363@icloud.com,03163083112,23,Male,Karachi,Sindh,BBA,Mehran University,3.43,"Git, Communication, Pandas, Html, Css, Statistics",4,Product,University Portal,40000,2025-03-30 11:12:00,https://www.linkedin.com/in/hussain-abbasi363,6,0.3
INT-10785,Nimra Khan,nimra.khan785@gmail.com,03304086735,23,Female,Rawalpindi,Punjab,BS Data Science,Bahria University,2.98,"Pandas, Git, Machine Learning, Statistics, SQL",8,Marketing,University Portal,36000,2025-04-10 05:40:00,https://www.linkedin.com/in/nimra-khan785,5,0.7
INT-10788,Danish Ali,danish.ali788@gmail.com,03162876849,26,Female,Faisalabad,Punjab,BBA,IBA Karachi,3.07,"Html, Css, Machine Learning",13,Finance,Direct,21000,2025-03-10 03:33:00,https://www.linkedin.com/in/danish-ali788,3,1.1
INT-10169,Zain Ansari,zain.ansari169@outlook.com,03390116917,23,Male,Rawalpindi,Punjab,BS Data Science,IBA Karachi,2.75,"Pandas, Git, Tableau",18,Product,Referral,28000,2025-03-17 21:51:00,https://www.linkedin.com/in/zain-ansari169,3,1.5
INT-10594,Sana Qureshi,sana.qureshi594@outlook.com,03094524937,27,Male,Sukkur,Sindh,BS Computer Science,Punjab University,3.12,"Html, Css, Excel, Python",8,Finance,University Portal,33000,2025-03-19 01:10:00,https://www.linkedin.com/in/sana-qureshi594,4,0.7
INT-10729,Iqra Syed,iqra.syed729@yahoo.com,03464472458,30,Female,Mardan,Khyber Pakhtunkhwa,BS Information Technology,IBA Karachi,3.05,"Power BI, Statistics, Data Visualization, Python",6,Business Intelligence,LinkedIn,34000,2025-03-27 17:39:00,https://www.linkedin.com/in/iqra-syed729,4,0.5
INT-10223,Iqra Ansari,iqra.ansari223@outlook.com,03304443378,24,Female,Nawabshah,Sindh,BS Information Technology,NUST,3.37,"Communication, Excel, Machine Learning, Python",1,Business Intelligence,Referral,24000,2025-03-31 11:13:00,https://www.linkedin.com/in/iqra-ansari223,4,0.1
INT-10740,Yasir Ahmed,yasir.ahmed740@outlook.com,03045991138,19,Female,Hyderabad,Sindh,BBA,Bahria University,2.36,"Machine Learning, Statistics, Excel",4,Marketing,Direct,25000,2025-04-08 17:04:00,https://www.linkedin.com/in/yasir-ahmed740,3,0.3
INT-10070,Noor Malik,noor.malik70@gmail.com,03162813043,25,Female,Larkana,Sindh,BS Information Technology,COMSATS University,2.99,"Machine Learning, Tableau, Excel, Python, Statistics, SQL",7,Software Development,Indeed,26000,2025-03-14 14:06:00,https://www.linkedin.com/in/noor-malik70,6,0.6
INT-10543,Talha Abbasi,talha.abbasi543@yahoo.com,03073173651,22,Female,Hyderabad,Sindh,BS Information Technology,University of Karachi,3.18,"Excel, Html, Css",11,Marketing,University Portal,20000,2025-04-10 07:33:00,https://www.linkedin.com/in/talha-abbasi543,3,0.9
INT-10091,Saad Rajput,saad.rajput91@icloud.com,03438406930,31,Prefer not to say,Abbottabad,Khyber Pakhtunkhwa,BBA,Mehran University,3.44,"Python, SQL, Statistics, Tableau, Power BI, Pandas",4,Data Analytics,University Portal,37000,2025-03-24 20:03:00,https://www.linkedin.com/in/saad-rajput91,6,0.3
INT-10641,Hamza Ahmed,hamza.ahmed641@gmail.com,03467916691,24,Male,Faisalabad,Punjab,BS Software Engineering,LUMS,2.62,"Communication, Tableau, Git, SQL",3,Finance,University Portal,32000,2025-04-10 13:38:00,https://www.linkedin.com/in/hamza-ahmed641,4,0.2
INT-10837,Sajid Qureshi,sajid.qureshi837@gmail.com,03160284034,30,Female,Khairpur,Sindh,BS Information Technology,Mehran University,3.51,"SQL, Power BI, Tableau",2,Human Resources,Referral,44000,2025-04-29 00:11:00,Not Provided,3,0.2
INT-10767,Sidra Ansari,sidra.ansari767@icloud.com,03440326351,31,Prefer not to say,Rawalpindi,Punjab,BBA,Bahria University,3.15,"SQL, Power BI, Pandas, Statistics",4,Finance,LinkedIn,25000,2025-04-04 12:12:00,https://www.linkedin.com/in/sidra-ansari767,4,0.3
INT-10212,Bilal Qureshi,bilal.qureshi212@yahoo.com,03240388515,23,Male,Sukkur,Sindh,BS Information Technology,Punjab University,3.35,"Tableau, Machine Learning, Pandas, Git, Python",4,Business Intelligence,Internee.pk,10000,2025-03-05 23:19:00,https://www.linkedin.com/in/bilal-qureshi212,5,0.3
INT-10779,Shayan Ahmed,shayan.ahmed779@gmail.com,03056001759,29,Male,Faisalabad,Punjab,BS Software Engineering,IBA Karachi,3.2,"SQL, Communication",6,Software Development,LinkedIn,32000,2025-03-25 03:17:00,https://www.linkedin.com/in/shayan-ahmed779,2,0.5
INT-10381,Eman Ansari,eman.ansari381@yahoo.com,03024005793,25,Male,Peshawar,Khyber Pakhtunkhwa,BS Information Technology,Bahria University,3.08,"Machine Learning, Power BI, Html, Css",1,Product,Referral,26000,2025-03-13 14:59:00,Not Provided,4,0.1
INT-10752,Laiba Qureshi,laiba.qureshi752@icloud.com,03444643049,21,Female,Mardan,Khyber Pakhtunkhwa,BBA,Bahria University,3.1,"Pandas, Data Visualization, Power BI, Statistics, Machine Learning, Excel",14,Software Development,LinkedIn,22000,2025-03-28 12:09:00,https://www.linkedin.com/in/laiba-qureshi752,6,1.2
INT-10221,Zain Siddiqui,zain.siddiqui221@yahoo.com,03283447290,25,Male,Lahore,Punjab,BBA,NUST,3.58,"Machine Learning, Pandas, Communication",4,Software Development,Internee.pk,35000,2025-04-04 12:54:00,https://www.linkedin.com/in/zain-siddiqui221,3,0.3
INT-10625,Sana Shah,sana.shah625@gmail.com,03125787027,27,Male,Larkana,Sindh,BS Information Technology,NED University,2.92,"Machine Learning, Git",9,Marketing,Direct,36000,2025-03-27 13:56:00,https://www.linkedin.com/in/sana-shah625,2,0.8
INT-10712,Rida Memon,rida.memon712@outlook.com,03015013330,25,Male,Sukkur,Sindh,BS Computer Science,Not Provided,3.17,"Python, Pandas, Tableau, Data Visualization, Power BI, Communication",16,Human Resources,Direct,10000,2025-03-25 07:39:00,https://www.linkedin.com/in/rida-memon712,6,1.3
INT-10657,Mahnoor Siddiqui,mahnoor.siddiqui657@gmail.com,Not Provided,32,Male,Abbottabad,Khyber Pakhtunkhwa,BS Computer Science,Bahria University,3.52,"Data Visualization, Communication, Python, Machine Learning, Excel, Power BI",13,Data Analytics,Referral,15000,2025-04-17 23:51:00,https://www.linkedin.com/in/mahnoor-siddiqui657,6,1.1
INT-10723,Muhammad Abbasi,muhammad.abbasi723@outlook.com,03013889376,23,Female,Multan,Punjab,BBA,COMSATS University,3.13,"Tableau, Python, Html, Css, Git",0,Marketing,LinkedIn,55000,2025-04-04 13:28:00,https://www.linkedin.com/in/muhammad-abbasi723,5,0.0
INT-10549,Sidra Rajput,sidra.rajput549@icloud.com,03278865643,25,Male,Gujranwala,Punjab,BS Computer Science,University of Karachi,2.85,"Git, Excel",10,Finance,LinkedIn,44000,2025-03-23 16:40:00,https://www.linkedin.com/in/sidra-rajput549,2,0.8
INT-10648,Sajid Rind,sajid.rind648@icloud.com,03078113226,25,Prefer not to say,Larkana,Sindh,BS Statistics,NED University,3.07,"Data Visualization, Pandas, Power BI",12,Finance,Referral,10000,2025-04-21 00:30:00,https://www.linkedin.com/in/sajid-rind648,3,1.0
INT-10842,Bilal Ahmed,bilal.ahmed842@icloud.com,03484303673,28,Male,Khairpur,Sindh,BBA,Bahria University,2.88,"Python, Statistics, Tableau, Communication",18,Data Analytics,University Portal,37000,2025-04-21 10:08:00,https://www.linkedin.com/in/bilal-ahmed842,4,1.5
INT-10119,Eman Malik,eman.malik119@icloud.com,03220269150,26,Male,Sukkur,Sindh,BS Statistics,Bahria University,3.64,"Html, Css, Pandas, Excel, Data Visualization, Machine Learning",0,Data Analytics,Direct,49000,2025-04-01 17:52:00,https://www.linkedin.com/in/eman-malik119,6,0.0
INT-10803,Muhammad Abbasi,muhammad.abbasi803@gmail.com,03450062410,25,Female,Islamabad,Islamabad Capital Territory,BS Statistics,IBA Karachi,3.8,"Excel, Power BI, Python, Git",4,Data Analytics,LinkedIn,37000,2025-03-22 00:04:00,https://www.linkedin.com/in/muhammad-abbasi803,4,0.3
INT-10179,Zara Abbasi,zara.abbasi179@yahoo.com,03099184120,27,Female,Faisalabad,Punjab,BS Statistics,NUST,3.09,"Power BI, SQL, Python, Tableau, Excel",10,Data Analytics,LinkedIn,10000,2025-03-08 11:53:00,https://www.linkedin.com/in/zara-abbasi179,5,0.8
INT-10819,Mahnoor Ali,mahnoor.ali819@yahoo.com,03261622542,21,Male,Sukkur,Sindh,BS Computer Science,FAST NUCES,3.29,"Machine Learning, SQL, Power BI, Communication, Statistics, Data Visualization",25,Product,University Portal,47000,2025-03-08 02:33:00,https://www.linkedin.com/in/mahnoor-ali819,6,2.1
INT-10095,Zain Bhatti,zain.bhatti95@yahoo.com,03252971362,20,Male,Sukkur,Sindh,BS Data Science,COMSATS University,3.87,"Python, Statistics, Html, Css, Excel, Power BI, Pandas",21,Human Resources,Internee.pk,15000,2025-03-08 07:57:00,https://www.linkedin.com/in/zain-bhatti95,7,1.8
INT-10652,Eman Syed,eman.syed652@icloud.com,03012790131,23,Male,Rawalpindi,Punjab,BS Economics,FAST NUCES,3.34,"SQL, Excel, Machine Learning, Data Visualization",10,Business Intelligence,Referral,30000,2025-04-21 00:08:00,https://www.linkedin.com/in/eman-syed652,4,0.8
INT-10356,Mariam Siddiqui,mariam.siddiqui356@yahoo.com,03347042112,27,Male,Karachi,Sindh,BS Statistics,IBA Karachi,2.38,"Tableau, Git, Python, Pandas, Html, Css, Power BI",9,Software Development,Direct,49000,2025-03-18 09:35:00,https://www.linkedin.com/in/mariam-siddiqui356,7,0.8
INT-10564,Talha Shah,talha.shah564@gmail.com,03354717834,30,Male,Quetta,Balochistan,BS Information Technology,Mehran University,3.09,"Python, Excel, Communication, SQL, Git",7,Finance,Referral,15000,2025-03-12 23:14:00,https://www.linkedin.com/in/talha-shah564,5,0.6
INT-20034,Usman Ansari,usman.ansari175@icloud.com,03227263430,29,Female,Lahore,Punjab,BS Software Engineering,Mehran University,3.33,"Excel, Communication",15,Product,Indeed,32000,2025-04-17 09:08:00,https://www.linkedin.com/in/usman-ansari175,2,1.2
INT-10691,Rida Soomro,rida.soomro691@outlook.com,03135690011,30,Male,Nawabshah,Sindh,BS Computer Science,IBA Karachi,3.29,"SQL, Tableau, Html, Css, Machine Learning, Git, Power BI",5,Data Analytics,LinkedIn,18000,2025-03-02 07:49:00,https://www.linkedin.com/in/rida-soomro691,7,0.4
INT-10730,Saad Jatoi,saad.jatoi730@outlook.com,03284877238,21,Female,Islamabad,Islamabad Capital Territory,BS Computer Science,University of Karachi,3.27,"Tableau, Data Visualization, Statistics",7,Marketing,Direct,26000,2025-04-13 12:22:00,https://www.linkedin.com/in/saad-jatoi730,3,0.6
INT-10666,Yasir Ansari,yasir.ansari666@yahoo.com,03271279243,21,Male,Hyderabad,Sindh,BS Statistics,Mehran University,3.67,"Machine Learning, Python, Tableau, Statistics",4,Data Analytics,University Portal,20000,2025-03-11 21:30:00,https://www.linkedin.com/in/yasir-ansari666,4,0.3
INT-10853,Mariam Malik,mariam.malik853@yahoo.com,03225287983,26,Male,Sukkur,Sindh,BS Statistics,NED University,3.33,"Power BI, Excel",7,Product,Internee.pk,19000,2025-03-21 07:34:00,https://www.linkedin.com/in/mariam-malik853,2,0.6
INT-10481,Mariam Qureshi,mariam.qureshi481@gmail.com,03449153179,26,Male,Karachi,Sindh,BS Computer Science,LUMS,3.02,"Html, Css, Tableau, Excel, Python, Communication, SQL",1,Software Development,LinkedIn,24000,2025-04-22 16:44:00,https://www.linkedin.com/in/mariam-qureshi481,7,0.1
INT-10106,Mahnoor Abbasi,mahnoor.abbasi106@yahoo.com,03232796235,22,Male,Multan,Punjab,BS Information Technology,NED University,2.6,"Power BI, Html, Css, Data Visualization, Python, Tableau, SQL",17,Data Analytics,LinkedIn,24000,2025-04-24 01:38:00,https://www.linkedin.com/in/mahnoor-abbasi106,7,1.4
INT-10135,Danish Syed,danish.syed135@yahoo.com,03496524213,24,Male,Hyderabad,Sindh,BS Computer Science,Punjab University,2.53,"Excel, Git, Pandas, Tableau, Communication",19,Data Analytics,Direct,27000,2025-03-19 17:04:00,https://www.linkedin.com/in/danish-syed135,5,1.6
INT-10195,Ahsan Syed,ahsan.syed195@gmail.com,03080424724,28,Male,Quetta,Balochistan,BS Information Technology,COMSATS University,3.04,"Communication, Machine Learning, Python, Tableau, Git",4,Business Intelligence,LinkedIn,22000,2025-03-12 15:54:00,https://www.linkedin.com/in/ahsan-syed195,5,0.3
INT-10585,Iqra Rajput,iqra.rajput585@gmail.com,03468040537,21,Female,Quetta,Balochistan,BS Computer Science,COMSATS University,3.38,"Tableau, Data Visualization",16,Marketing,Direct,30000,2025-03-21 09:12:00,https://www.linkedin.com/in/iqra-rajput585,2,1.3
INT-20024,Iqra Qureshi,iqra.qureshi247@gmail.com,03252303558,20,Female,Faisalabad,Punjab,BS Information Technology,FAST NUCES,3.18,"Tableau, Statistics, Python, Pandas, Communication, SQL",0,Software Development,Internee.pk,35000,2025-04-07 14:12:00,https://www.linkedin.com/in/iqra-qureshi247,6,0.0
INT-10156,Eman Rajput,eman.rajput156@icloud.com,03447416352,24,Male,Nawabshah,Sindh,BS Statistics,Mehran University,3.56,"Html, Css, Tableau, Git, Data Visualization",9,Business Intelligence,Referral,10000,2025-04-16 22:28:00,https://www.linkedin.com/in/eman-rajput156,5,0.8
INT-10428,Shayan Ahmed,shayan.ahmed428@yahoo.com,03403355365,24,Male,Nawabshah,Sindh,BS Information Technology,FAST NUCES,2.72,"Machine Learning, Tableau, Python, Communication, Html, Css",10,Business Intelligence,University Portal,21000,2025-04-10 02:16:00,https://www.linkedin.com/in/shayan-ahmed428,6,0.8
INT-10309,Farhan Siddiqui,farhan.siddiqui309@yahoo.com,03326561517,27,Male,Gujranwala,Punjab,BS Statistics,Mehran University,3.09,"Html, Css, Power BI, Machine Learning, Communication, Statistics, SQL",1,Software Development,LinkedIn,21000,2025-04-22 16:25:00,https://www.linkedin.com/in/farhan-siddiqui309,7,0.1
INT-10006,Ahsan Qureshi,ahsan.qureshi6@icloud.com,03141445494,31,Male,Lahore,Punjab,BS Computer Science,Punjab University,3.43,"Statistics, Tableau, Excel",12,Data Analytics,Referral,28000,2025-04-15 21:11:00,https://www.linkedin.com/in/ahsan-qureshi6,3,1.0
INT-10098,Bilal Rind,bilal.rind98@yahoo.com,03280341485,28,Prefer not to say,Sukkur,Sindh,BS Economics,NED University,3.35,"Power BI, Communication",7,Marketing,Internee.pk,26000,2025-04-10 22:39:00,https://www.linkedin.com/in/bilal-rind98,2,0.6
INT-10062,Zain Shah,zain.shah62@icloud.com,03196665937,23,Female,Mardan,Khyber Pakhtunkhwa,BS Information Technology,NED University,2.73,"Communication, Html, Css, Excel, Pandas, Tableau",23,Finance,LinkedIn,33000,2025-03-22 04:31:00,https://www.linkedin.com/in/zain-shah62,6,1.9
INT-10812,Zain Memon,zain.memon812@outlook.com,03298886946,25,Female,Nawabshah,Sindh,BS Computer Science,University of Sindh,3.31,"Git, Power BI, Machine Learning",13,Marketing,LinkedIn,32000,2025-04-29 06:46:00,https://www.linkedin.com/in/zain-memon812,3,1.1
INT-10597,Talha Syed,talha.syed597@gmail.com,03450840184,22,Prefer not to say,Islamabad,Islamabad Capital Territory,BS Software Engineering,COMSATS University,3.18,"Communication, Pandas, SQL, Python",15,Software Development,University Portal,31000,2025-03-14 21:11:00,https://www.linkedin.com/in/talha-syed597,4,1.2
INT-10262,Hamza Chandio,hamza.chandio262@outlook.com,03028011422,23,Male,Khairpur,Sindh,BS Statistics,University of Sindh,3.22,"Excel, Git, Tableau, Power BI, Communication",15,Business Intelligence,Indeed,28000,2025-03-20 16:49:00,https://www.linkedin.com/in/hamza-chandio262,5,1.2
INT-10701,Ahsan Soomro,ahsan.soomro701@outlook.com,03051262997,23,Male,Larkana,Sindh,BS Statistics,Not Provided,2.96,"Communication, Statistics, Excel",12,Marketing,University Portal,33000,2025-04-27 07:31:00,https://www.linkedin.com/in/ahsan-soomro701,3,1.0
INT-10699,Nimra Shah,nimra.shah699@yahoo.com,03141754869,23,Male,Faisalabad,Punjab,BS Software Engineering,Shah Abdul Latif University,2.74,"Python, Tableau, Pandas, Communication, Html, Css",4,Data Analytics,Internee.pk,45000,2025-04-26 09:01:00,https://www.linkedin.com/in/nimra-shah699,6,0.3
INT-10391,Ali Abbasi,ali.abbasi391@gmail.com,03288043500,21,Male,Abbottabad,Khyber Pakhtunkhwa,BS Software Engineering,COMSATS University,3.1,"Excel, Statistics",7,Data Analytics,LinkedIn,26000,2025-03-05 02:20:00,https://www.linkedin.com/in/ali-abbasi391,2,0.6
INT-10029,Sana Rind,sana.rind29@outlook.com,03187336095,25,Male,Sukkur,Sindh,BS Computer Science,IBA Karachi,2.8,"Git, Excel",26,Marketing,LinkedIn,35000,2025-04-16 04:45:00,https://www.linkedin.com/in/sana-rind29,2,2.2
INT-10028,Iqra Jatoi,iqra.jatoi28@gmail.com,03058912072,33,Male,Sukkur,Sindh,BS Computer Science,COMSATS University,3.09,"Excel, Pandas, Html, Css, Tableau",18,Data Analytics,Internee.pk,30000,2025-03-27 15:16:00,Not Provided,5,1.5
INT-10843,Iqra Rind,iqra.rind843@gmail.com,03396489315,24,Male,Faisalabad,Punjab,BS Data Science,IBA Karachi,3.28,"Python, Html, Css, Power BI",24,Software Development,Internee.pk,30000,2025-03-21 07:15:00,https://www.linkedin.com/in/iqra-rind843,4,2.0
INT-10473,Danish Khan,danish.khan473@outlook.com,03430884436,22,Female,Mardan,Khyber Pakhtunkhwa,BS Statistics,NUST,2.54,"SQL, Excel",10,Data Analytics,LinkedIn,26000,2025-04-02 12:18:00,https://www.linkedin.com/in/danish-khan473,2,0.8
INT-10763,Fatima Chandio,fatima.chandio763@yahoo.com,03037359344,26,Female,Peshawar,Khyber Pakhtunkhwa,BBA,COMSATS University,3.91,"Excel, Git",1,Data Analytics,LinkedIn,26000,2025-04-10 15:46:00,https://www.linkedin.com/in/fatima-chandio763,2,0.1
INT-10030,Sajid Rind,sajid.rind30@outlook.com,03132156743,30,Male,Sukkur,Sindh,BS Economics,Shah Abdul Latif University,2.49,"SQL, Power BI, Excel, Git, Statistics",11,Software Development,Internee.pk,16000,2025-04-24 09:04:00,https://www.linkedin.com/in/sajid-rind30,5,0.9
INT-10707,Areeba Rajput,areeba.rajput707@gmail.com,Not Provided,25,Female,Hyderabad,Sindh,BS Software Engineering,LUMS,2.95,"Communication, Python, Statistics, Data Visualization",19,Marketing,Referral,40000,2025-04-19 22:01:00,https://www.linkedin.com/in/areeba-rajput707,4,1.6
INT-10633,Eman Rind,eman.rind633@gmail.com,03478250396,24,Female,Rawalpindi,Punjab,BS Statistics,FAST NUCES,3.17,"Excel, Communication",6,Data Analytics,Indeed,42000,2025-03-30 10:54:00,https://www.linkedin.com/in/eman-rind633,2,0.5
INT-10608,Yasir Abbasi,yasir.abbasi608@yahoo.com,03429438184,23,Male,Mardan,Khyber Pakhtunkhwa,BS Information Technology,NED University,2.29,"Python, Excel, Statistics, Data Visualization, Communication",6,Data Analytics,LinkedIn,17000,2025-04-22 00:21:00,https://www.linkedin.com/in/yasir-abbasi608,5,0.5
INT-10436,Areeba Shah,areeba.shah436@yahoo.com,03134950451,19,Male,Islamabad,Islamabad Capital Territory,BS Statistics,Punjab University,3.19,"SQL, Git",13,Business Intelligence,University Portal,12000,2025-04-21 13:37:00,https://www.linkedin.com/in/areeba-shah436,2,1.1
INT-10784,Laiba Ahmed,laiba.ahmed784@outlook.com,03042861640,22,Male,Islamabad,Islamabad Capital Territory,BS Computer Science,Not Provided,3.29,"Data Visualization, Pandas, Power BI, Html, Css, Python, Communication",6,Data Analytics,Referral,21000,2025-04-07 10:00:00,https://www.linkedin.com/in/laiba-ahmed784,7,0.5
INT-10255,Danish Ahmed,danish.ahmed255@icloud.com,03110199924,24,Male,Multan,Punjab,BS Information Technology,Not Provided,3.03,"Git, Excel",4,Software Development,Direct,51000,2025-04-05 05:47:00,https://www.linkedin.com/in/danish-ahmed255,2,0.3
INT-10476,Areeba Shah,areeba.shah476@icloud.com,03132627946,27,Male,Lahore,Punjab,BS Information Technology,University of Karachi,2.2,"SQL, Tableau, Communication, Html, Css",40,Product,Indeed,28000,2025-03-12 10:06:00,https://www.linkedin.com/in/areeba-shah476,5,3.3
INT-10844,Talha Shaikh,talha.shaikh844@outlook.com,03297004223,27,Male,Quetta,Balochistan,BS Data Science,FAST NUCES,3.01,"SQL, Statistics, Machine Learning, Html, Css, Excel",11,Marketing,LinkedIn,15000,2025-04-11 20:40:00,https://www.linkedin.com/in/talha-shaikh844,6,0.9
INT-10069,Ahsan Syed,ahsan.syed69@outlook.com,03300504212,27,Male,Larkana,Sindh,BS Software Engineering,FAST NUCES,2.71,"Python, Git, SQL",2,Software Development,Referral,25000,2025-04-03 18:44:00,https://www.linkedin.com/in/ahsan-syed69,3,0.2
INT-10596,Sana Chandio,sana.chandio596@outlook.com,03170189066,27,Female,Lahore,Punjab,BS Computer Science,Punjab University,3.09,"Excel, Machine Learning",10,Data Analytics,Indeed,40000,2025-04-09 08:52:00,https://www.linkedin.com/in/sana-chandio596,2,0.8
INT-10402,Mahnoor Shah,mahnoor.shah402@gmail.com,03114465161,28,Male,Gujranwala,Punjab,BS Computer Science,Not Provided,3.48,"Communication, Python, Statistics, Excel",11,Human Resources,Internee.pk,34000,2025-03-06 14:05:00,https://www.linkedin.com/in/mahnoor-shah402,4,0.9
INT-10180,Nimra Ahmed,nimra.ahmed180@outlook.com,03425145240,25,Female,Karachi,Sindh,BS Information Technology,Mehran University,2.55,Not Specified,22,Finance,LinkedIn,13000,2025-04-25 10:14:00,https://www.linkedin.com/in/nimra-ahmed180,0,1.8
INT-10420,Sana Abbasi,sana.abbasi420@outlook.com,03068191508,29,Female,Larkana,Sindh,BS Information Technology,University of Karachi,3.15,"Machine Learning, SQL, Power BI, Pandas, Git",5,Marketing,University Portal,51000,2025-04-14 21:22:00,https://www.linkedin.com/in/sana-abbasi420,5,0.4
INT-20002,Hamza Khan,hamza.khan603@icloud.com,03434400285,25,Female,Rawalpindi,Punjab,BS Statistics,LUMS,3.23,"Data Visualization, Machine Learning, Excel, Git",4,Software Development,University Portal,14000,2025-04-12 01:57:00,https://www.linkedin.com/in/hamza-khan603,4,0.3
INT-10618,Mariam Mirza,mariam.mirza618@icloud.com,03460601534,28,Female,Nawabshah,Sindh,BS Statistics,University of Sindh,2.98,"Tableau, Communication, Git, Python, Excel, Machine Learning",12,Data Analytics,Direct,16000,2025-03-14 16:18:00,https://www.linkedin.com/in/mariam-mirza618,6,1.0
INT-10383,Danish Malik,danish.malik383@icloud.com,03418718075,27,Male,Rawalpindi,Punjab,BS Data Science,University of Sindh,2.0,"SQL, Communication",12,Product,University Portal,24000,2025-03-04 23:46:00,https://www.linkedin.com/in/danish-malik383,2,1.0
INT-10551,Sajid Rind,sajid.rind551@gmail.com,03438701186,20,Female,Faisalabad,Punjab,BS Information Technology,LUMS,3.09,"Excel, Git, Communication, Pandas, Power BI",27,Data Analytics,Indeed,28000,2025-04-03 04:46:00,https://www.linkedin.com/in/sajid-rind551,5,2.2
INT-10368,Ahsan Malik,ahsan.malik368@yahoo.com,03411197804,19,Male,Faisalabad,Punjab,BS Software Engineering,NED University,3.05,"Machine Learning, Statistics, Tableau, Excel",4,Human Resources,LinkedIn,39000,2025-03-08 15:25:00,https://www.linkedin.com/in/ahsan-malik368,4,0.3
INT-20016,Bilal Ali,bilal.ali485@outlook.com,03119131248,27,Male,Larkana,Sindh,BS Information Technology,COMSATS University,3.53,"Tableau, Data Visualization, Power BI, Machine Learning",3,Software Development,Indeed,28000,2025-03-23 00:23:00,https://www.linkedin.com/in/bilal-ali485,4,0.2
INT-10186,Nimra Jatoi,nimra.jatoi186@yahoo.com,03449515950,25,Male,Mardan,Khyber Pakhtunkhwa,BS Computer Science,NUST,2.67,"Git, Excel, Html, Css",9,Human Resources,Direct,11000,2025-04-20 09:15:00,https://www.linkedin.com/in/nimra-jatoi186,4,0.8
INT-10816,Sajid Rind,sajid.rind816@outlook.com,03070248025,25,Male,Islamabad,Islamabad Capital Territory,BBA,Mehran University,3.5,"Excel, Machine Learning, Power BI, SQL, Html, Css",3,Data Analytics,Indeed,32000,2025-03-18 02:36:00,https://www.linkedin.com/in/sajid-rind816,6,0.2
INT-10162,Danish Siddiqui,danish.siddiqui162@gmail.com,03410108851,21,Male,Hyderabad,Sindh,BS Statistics,LUMS,2.95,Not Specified,5,Data Analytics,Indeed,44000,2025-04-25 11:04:00,https://www.linkedin.com/in/danish-siddiqui162,0,0.4
INT-10176,Hira Ali,hira.ali176@yahoo.com,03312234075,25,Male,Faisalabad,Punjab,BS Computer Science,NED University,3.74,"Git, Pandas, Machine Learning, Python",18,Human Resources,Direct,14000,2025-04-03 18:30:00,https://www.linkedin.com/in/hira-ali176,4,1.5
INT-10722,Saad Soomro,saad.soomro722@icloud.com,03409906727,24,Female,Faisalabad,Punjab,BS Economics,Punjab University,2.7,"Power BI, Communication, Data Visualization, Statistics, Pandas",25,Business Intelligence,Direct,43000,2025-04-13 02:39:00,https://www.linkedin.com/in/saad-soomro722,5,2.1
INT-20014,Hussain Ansari,hussain.ansari296@gmail.com,03301155577,27,Male,Gujranwala,Punjab,BS Economics,Mehran University,2.64,"Tableau, Machine Learning, Python, Power BI, Git",9,Business Intelligence,LinkedIn,53000,2025-03-01 23:34:00,https://www.linkedin.com/in/hussain-ansari296,5,0.8
INT-10313,Saad Ali,saad.ali313@yahoo.com,03490175358,30,Male,Quetta,Balochistan,BS Computer Science,University of Sindh,2.57,"Tableau, Statistics, SQL, Html, Css, Machine Learning",4,Data Analytics,Indeed,26000,2025-03-14 03:17:00,https://www.linkedin.com/in/saad-ali313,6,0.3
INT-10077,Eman Syed,eman.syed77@yahoo.com,03001852187,26,Male,Rawalpindi,Punjab,BBA,FAST NUCES,3.21,"Communication, Tableau, Git",17,Product,Indeed,38000,2025-03-13 13:52:00,https://www.linkedin.com/in/eman-syed77,3,1.4
INT-10607,Farhan Bhatti,farhan.bhatti607@icloud.com,03412859567,32,Female,Islamabad,Islamabad Capital Territory,BS Software Engineering,Bahria University,3.49,"Python, SQL",3,Software Development,Referral,30000,2025-03-18 08:23:00,https://www.linkedin.com/in/farhan-bhatti607,2,0.2
INT-10227,Yasir Rajput,yasir.rajput227@icloud.com,03296374171,23,Female,Nawabshah,Sindh,BS Information Technology,Punjab University,3.93,"Data Visualization, Statistics",7,Software Development,Indeed,41000,2025-03-30 03:38:00,https://www.linkedin.com/in/yasir-rajput227,2,0.6
INT-10231,Usman Mirza,usman.mirza231@gmail.com,03384619704,18,Female,Hyderabad,Sindh,BS Computer Science,Not Provided,3.53,"Excel, Pandas, Data Visualization, Communication, Tableau, Python",6,Business Intelligence,Direct,29000,2025-03-30 22:14:00,https://www.linkedin.com/in/usman-mirza231,6,0.5
INT-10138,Usman Rajput,usman.rajput138@outlook.com,03420099411,22,Male,Sukkur,Sindh,BS Information Technology,Shah Abdul Latif University,2.55,"Communication, Html, Css, SQL, Machine Learning, Power BI",8,Software Development,Indeed,15000,2025-04-23 20:58:00,https://www.linkedin.com/in/usman-rajput138,6,0.7
INT-10639,Mariam Memon,mariam.memon639@icloud.com,03368065331,28,Male,Faisalabad,Punjab,BS Information Technology,Shah Abdul Latif University,2.78,"Excel, Tableau, Power BI, Statistics, Communication",10,Data Analytics,Indeed,24000,2025-04-13 11:58:00,https://www.linkedin.com/in/mariam-memon639,5,0.8
INT-10229,Talha Baloch,talha.baloch229@gmail.com,Not Provided,25,Male,Sukkur,Sindh,BS Data Science,Shah Abdul Latif University,3.24,"Python, Html, Css, Data Visualization, Communication",10,Finance,Referral,18000,2025-04-23 19:15:00,https://www.linkedin.com/in/talha-baloch229,5,0.8
INT-10131,Rida Abbasi,rida.abbasi131@yahoo.com,03006350492,23,Female,Quetta,Balochistan,BS Data Science,University of Karachi,2.9,"Machine Learning, Html, Css, Pandas, Statistics, Tableau, Python",16,Data Analytics,Indeed,50000,2025-03-21 18:53:00,https://www.linkedin.com/in/rida-abbasi131,7,1.3
INT-10538,Hira Qureshi,hira.qureshi538@yahoo.com,03318347002,26,Male,Lahore,Punjab,BS Economics,NUST,3.0,"Communication, Data Visualization, Tableau, Git",30,Human Resources,Referral,30000,2025-04-15 19:03:00,https://www.linkedin.com/in/hira-qureshi538,4,2.5
INT-10616,Areeba Shaikh,areeba.shaikh616@icloud.com,03133794134,23,Male,Islamabad,Islamabad Capital Territory,BBA,University of Sindh,3.02,Not Specified,11,Finance,Referral,26000,2025-03-27 09:42:00,https://www.linkedin.com/in/areeba-shaikh616,0,0.9
INT-10586,Muhammad Ansari,muhammad.ansari586@icloud.com,03233711375,24,Male,Karachi,Sindh,BS Software Engineering,Bahria University,3.36,"Communication, Pandas, Git, Machine Learning, Html, Css",7,Marketing,LinkedIn,45000,2025-03-10 05:21:00,https://www.linkedin.com/in/muhammad-ansari586,6,0.6
INT-10761,Talha Rajput,talha.rajput761@outlook.com,03420458310,22,Female,Karachi,Sindh,BS Data Science,University of Sindh,2.93,"SQL, Data Visualization, Html, Css, Statistics, Communication",7,Business Intelligence,Indeed,10000,2025-04-09 03:34:00,https://www.linkedin.com/in/talha-rajput761,6,0.6
INT-10357,Bilal Shaikh,bilal.shaikh357@gmail.com,03130126613,27,Male,Multan,Punjab,BS Information Technology,NUST,3.12,"Pandas, Python, Data Visualization, Git, SQL",11,Business Intelligence,LinkedIn,25000,2025-04-23 00:10:00,https://www.linkedin.com/in/bilal-shaikh357,5,0.9
INT-10336,Talha Ali,talha.ali336@gmail.com,03081653433,29,Male,Islamabad,Islamabad Capital Territory,BS Computer Science,Shah Abdul Latif University,3.54,"Python, Machine Learning, Power BI, Statistics, SQL, Tableau",5,Software Development,Referral,14000,2025-03-05 23:52:00,https://www.linkedin.com/in/talha-ali336,6,0.4
INT-10063,Farhan Qureshi,farhan.qureshi63@icloud.com,03387639449,22,Female,Larkana,Sindh,BS Computer Science,NUST,3.47,"Excel, Git",6,Data Analytics,University Portal,14000,2025-03-04 06:11:00,https://www.linkedin.com/in/farhan-qureshi63,2,0.5
INT-10320,Talha Shah,talha.shah320@yahoo.com,03108709148,27,Male,Karachi,Sindh,BS Computer Science,COMSATS University,3.07,"Git, Communication, Pandas",8,Product,Internee.pk,48000,2025-04-16 13:16:00,https://www.linkedin.com/in/talha-shah320,3,0.7
INT-10133,Talha Soomro,talha.soomro133@yahoo.com,03031406219,22,Prefer not to say,Faisalabad,Punjab,BS Information Technology,University of Sindh,2.7,"Excel, Tableau, Communication, Pandas, SQL",6,Data Analytics,Referral,30000,2025-04-17 15:42:00,https://www.linkedin.com/in/talha-soomro133,5,0.5
INT-10744,Zain Siddiqui,zain.siddiqui744@icloud.com,Not Provided,29,Male,Khairpur,Sindh,BS Computer Science,IBA Karachi,2.61,"Excel, SQL",3,Business Intelligence,Direct,25000,2025-04-13 21:59:00,https://www.linkedin.com/in/zain-siddiqui744,2,0.2
INT-10300,Laiba Ansari,laiba.ansari300@yahoo.com,03011125846,28,Female,Islamabad,Islamabad Capital Territory,BS Information Technology,University of Sindh,2.68,"Pandas, Python",4,Product,Indeed,23000,2025-04-15 03:53:00,https://www.linkedin.com/in/laiba-ansari300,2,0.3
INT-10111,Eman Qureshi,eman.qureshi111@outlook.com,03421362916,20,Male,Lahore,Punjab,BS Data Science,IBA Karachi,3.32,"SQL, Pandas, Git, Python, Power BI",2,Software Development,Internee.pk,38000,2025-04-21 10:09:00,https://www.linkedin.com/in/eman-qureshi111,5,0.2
INT-10629,Hamza Khan,hamza.khan629@gmail.com,03333223406,28,Female,Larkana,Sindh,BS Computer Science,Bahria University,3.31,"Html, Css, Communication",7,Software Development,Direct,45000,2025-03-02 21:29:00,https://www.linkedin.com/in/hamza-khan629,3,0.6
INT-20020,Talha Siddiqui,talha.siddiqui736@yahoo.com,03433391870,23,Female,Multan,Punjab,BS Computer Science,NUST,2.67,"Power BI, SQL, Statistics, Html, Css, Tableau, Pandas",0,Software Development,University Portal,33000,2025-03-10 02:23:00,https://www.linkedin.com/in/talha-siddiqui736,7,0.0
INT-10815,Iqra Siddiqui,iqra.siddiqui815@outlook.com,03110047327,21,Male,Rawalpindi,Punjab,BS Information Technology,University of Sindh,4.0,"Communication, Pandas, Data Visualization, Python, Git",2,Data Analytics,Direct,37000,2025-04-12 11:20:00,https://www.linkedin.com/in/iqra-siddiqui815,5,0.2
INT-10234,Areeba Malik,areeba.malik234@yahoo.com,03342366983,28,Male,Gujranwala,Punjab,BS Data Science,COMSATS University,2.13,"Excel, Statistics, Tableau",5,Software Development,University Portal,50000,2025-03-14 15:31:00,https://www.linkedin.com/in/areeba-malik234,3,0.4
INT-10405,Zain Soomro,zain.soomro405@yahoo.com,03137618953,26,Female,Faisalabad,Punjab,BS Data Science,COMSATS University,3.52,"Communication, Tableau, Python, Statistics, Power BI",40,Finance,Referral,11000,2025-03-20 13:16:00,https://www.linkedin.com/in/zain-soomro405,5,3.3
INT-10424,Sidra Jatoi,sidra.jatoi424@icloud.com,03182293056,27,Prefer not to say,Sukkur,Sindh,BS Data Science,LUMS,2.43,"Excel, Communication, Statistics",8,Business Intelligence,Referral,38000,2025-03-26 11:48:00,https://www.linkedin.com/in/sidra-jatoi424,3,0.7
INT-10403,Ali Ali,ali.ali403@outlook.com,03273155911,27,Male,Islamabad,Islamabad Capital Territory,BS Computer Science,LUMS,2.83,"Excel, Power BI",9,Data Analytics,University Portal,45000,2025-03-17 12:22:00,https://www.linkedin.com/in/ali-ali403,2,0.8
INT-10128,Usman Jatoi,usman.jatoi128@gmail.com,03010141242,27,Female,Hyderabad,Sindh,BS Information Technology,Punjab University,4.0,"Statistics, Pandas, Git, Power BI, Data Visualization, Excel",26,Business Intelligence,Internee.pk,26000,2025-04-20 01:25:00,https://www.linkedin.com/in/usman-jatoi128,6,2.2
INT-10851,Sana Ali,sana.ali851@yahoo.com,03039422911,27,Female,Quetta,Balochistan,BS Software Engineering,LUMS,3.48,"Pandas, SQL",1,Business Intelligence,Internee.pk,21000,2025-03-12 15:37:00,https://www.linkedin.com/in/sana-ali851,2,0.1
INT-10350,Noor Chandio,noor.chandio350@icloud.com,03481482521,27,Female,Islamabad,Islamabad Capital Territory,BS Software Engineering,University of Sindh,3.58,"Tableau, Pandas, Power BI, Data Visualization",20,Business Intelligence,Internee.pk,36000,2025-03-11 16:42:00,https://www.linkedin.com/in/noor-chandio350,4,1.7
INT-20004,Sajid Shaikh,sajid.shaikh457@gmail.com,03481404682,28,Male,Larkana,Sindh,BS Statistics,NUST,3.43,"Statistics, SQL",8,Data Analytics,LinkedIn,38000,2025-04-18 00:11:00,https://www.linkedin.com/in/sajid-shaikh457,2,0.7
INT-10068,Areeba Shah,areeba.shah68@gmail.com,03095033985,28,Male,Gujranwala,Punjab,BS Information Technology,COMSATS University,3.44,"Data Visualization, Power BI, Communication, Excel",9,Data Analytics,LinkedIn,37000,2025-03-02 10:27:00,https://www.linkedin.com/in/areeba-shah68,4,0.8
INT-10475,Hira Ali,hira.ali475@yahoo.com,03161685428,28,Male,Mardan,Khyber Pakhtunkhwa,BS Software Engineering,IBA Karachi,3.09,"Html, Css, Power BI, Git",5,Data Analytics,University Portal,35000,2025-03-24 15:46:00,https://www.linkedin.com/in/hira-ali475,4,0.4
INT-10456,Zara Malik,zara.malik456@icloud.com,03490872860,28,Male,Lahore,Punjab,BS Information Technology,University of Karachi,2.6,"Python, Excel, Tableau",7,Data Analytics,LinkedIn,35000,2025-04-26 15:16:00,https://www.linkedin.com/in/zara-malik456,3,0.6
INT-10136,Fatima Shaikh,fatima.shaikh136@gmail.com,03078112388,20,Female,Lahore,Punjab,BS Information Technology,University of Karachi,2.16,"Html, Css, Python, Git, Communication",3,Marketing,Referral,16000,2025-04-17 22:52:00,https://www.linkedin.com/in/fatima-shaikh136,5,0.2
INT-10274,Sajid Soomro,sajid.soomro274@gmail.com,03359964824,25,Female,Islamabad,Islamabad Capital Territory,BS Software Engineering,LUMS,2.96,"Tableau, Python",3,Software Development,LinkedIn,31000,2025-03-29 15:41:00,https://www.linkedin.com/in/sajid-soomro274,2,0.2
INT-10679,Danish Memon,danish.memon679@outlook.com,03232029523,28,Male,Karachi,Sindh,BS Information Technology,Mehran University,3.04,"SQL, Html, Css",3,Finance,Internee.pk,20000,2025-04-23 02:22:00,https://www.linkedin.com/in/danish-memon679,3,0.2
INT-10715,Rida Baloch,rida.baloch715@yahoo.com,03218978914,26,Male,Sukkur,Sindh,BBA,University of Karachi,3.07,"Machine Learning, Pandas",16,Finance,Internee.pk,44000,2025-03-27 21:37:00,https://www.linkedin.com/in/rida-baloch715,2,1.3
INT-10563,Eman Chandio,eman.chandio563@yahoo.com,03219176698,24,Female,Faisalabad,Punjab,BS Software Engineering,Punjab University,3.09,"SQL, Python, Statistics, Communication, Pandas",13,Data Analytics,Referral,23000,2025-04-21 23:27:00,https://www.linkedin.com/in/eman-chandio563,5,1.1
INT-10290,Nimra Qureshi,nimra.qureshi290@icloud.com,03241067542,25,Male,Larkana,Sindh,BS Computer Science,NED University,3.07,"Data Visualization, Tableau, Git, Statistics",6,Product,Direct,27000,2025-04-14 21:01:00,https://www.linkedin.com/in/nimra-qureshi290,4,0.5
INT-10562,Sajid Khan,sajid.khan562@icloud.com,03144062810,24,Female,Multan,Punjab,BS Data Science,Bahria University,2.45,"Machine Learning, Statistics, Power BI, Excel, Git, Data Visualization",24,Data Analytics,Indeed,39000,2025-04-05 21:58:00,https://www.linkedin.com/in/sajid-khan562,6,2.0
INT-10667,Yasir Siddiqui,yasir.siddiqui667@yahoo.com,03462993060,24,Male,Faisalabad,Punjab,BS Computer Science,FAST NUCES,3.35,"Machine Learning, Communication, Excel",9,Data Analytics,University Portal,28000,2025-03-31 01:09:00,https://www.linkedin.com/in/yasir-siddiqui667,3,0.8
INT-10380,Danish Rind,danish.rind380@outlook.com,03436740723,25,Male,Sukkur,Sindh,BS Data Science,Mehran University,2.87,"Pandas, Html, Css, Data Visualization, SQL",4,Business Intelligence,Referral,36000,2025-04-20 00:49:00,https://www.linkedin.com/in/danish-rind380,5,0.3
INT-10139,Laiba Chandio,laiba.chandio139@outlook.com,03232146149,27,Male,Rawalpindi,Punjab,BS Information Technology,NUST,3.43,"Excel, Git, Tableau",0,Data Analytics,Internee.pk,45000,2025-04-06 05:45:00,https://www.linkedin.com/in/laiba-chandio139,3,0.0
INT-10601,Noor Siddiqui,noor.siddiqui601@yahoo.com,03078601627,29,Female,Gujranwala,Punjab,BS Statistics,University of Sindh,2.54,"Python, Pandas, Excel, Communication",20,Finance,Internee.pk,27000,2025-03-28 03:03:00,https://www.linkedin.com/in/noor-siddiqui601,4,1.7
INT-10042,Hamza Khan,hamza.khan42@yahoo.com,03173777481,25,Female,Islamabad,Islamabad Capital Territory,BS Information Technology,LUMS,3.19,Not Specified,20,Human Resources,LinkedIn,28000,2025-04-18 07:05:00,https://www.linkedin.com/in/hamza-khan42,0,1.7
INT-10282,Talha Memon,talha.memon282@icloud.com,03093898945,28,Female,Faisalabad,Punjab,BS Data Science,Mehran University,3.29,"Communication, Machine Learning, SQL",5,Business Intelligence,LinkedIn,19000,2025-03-17 16:09:00,https://www.linkedin.com/in/talha-memon282,3,0.4
INT-10532,Talha Soomro,talha.soomro532@outlook.com,03374535201,18,Male,Hyderabad,Sindh,BS Data Science,IBA Karachi,2.51,"Data Visualization, Excel, Tableau, Communication",8,Business Intelligence,Internee.pk,41000,2025-04-10 10:59:00,https://www.linkedin.com/in/talha-soomro532,4,0.7
INT-10654,Yasir Qureshi,yasir.qureshi654@gmail.com,03396979728,27,Male,Nawabshah,Sindh,BS Computer Science,LUMS,3.04,"Python, Tableau, Git, Excel",25,Business Intelligence,Indeed,44000,2025-04-18 08:21:00,https://www.linkedin.com/in/yasir-qureshi654,4,2.1
INT-10774,Shayan Khan,shayan.khan774@yahoo.com,03024314753,28,Female,Lahore,Punjab,BS Economics,Shah Abdul Latif University,2.4,"Html, Css, Data Visualization, SQL, Communication, Python",19,Finance,Internee.pk,23000,2025-03-14 01:00:00,https://www.linkedin.com/in/shayan-khan774,6,1.6
INT-10768,Mariam Shah,mariam.shah768@yahoo.com,03217833596,20,Male,Nawabshah,Sindh,BBA,University of Sindh,3.49,"Data Visualization, Git, Html, Css",3,Software Development,University Portal,31000,2025-04-26 07:38:00,https://www.linkedin.com/in/mariam-shah768,4,0.2
INT-10469,Sajid Memon,sajid.memon469@yahoo.com,03407677998,25,Male,Sukkur,Sindh,BS Information Technology,COMSATS University,3.51,"Pandas, Machine Learning, Python, Tableau, Html, Css",47,Human Resources,Direct,17000,2025-03-13 04:23:00,https://www.linkedin.com/in/sajid-memon469,6,3.9
INT-10619,Hamza Shaikh,hamza.shaikh619@icloud.com,03465450374,26,Male,Nawabshah,Sindh,BS Computer Science,NUST,3.41,Not Specified,6,Business Intelligence,Indeed,33000,2025-03-04 00:13:00,https://www.linkedin.com/in/hamza-shaikh619,0,0.5
INT-10572,Zain Bhatti,zain.bhatti572@icloud.com,03468946486,24,Female,Abbottabad,Khyber Pakhtunkhwa,BS Information Technology,NUST,3.14,"Communication, Html, Css, Machine Learning, Statistics, Excel, Power BI",18,Software Development,Referral,37000,2025-03-19 03:05:00,https://www.linkedin.com/in/zain-bhatti572,7,1.5
INT-10132,Laiba Ansari,laiba.ansari132@icloud.com,03232589590,25,Male,Sukkur,Sindh,BS Information Technology,COMSATS University,3.77,"Communication, Data Visualization, Power BI, Python",3,Software Development,Referral,32000,2025-04-02 03:13:00,https://www.linkedin.com/in/laiba-ansari132,4,0.2
INT-10649,Sidra Syed,sidra.syed649@icloud.com,03045071367,22,Female,Khairpur,Sindh,BS Information Technology,Bahria University,2.97,"Excel, Python, Communication, Html, Css, Statistics, Data Visualization",11,Data Analytics,University Portal,44000,2025-04-13 23:56:00,https://www.linkedin.com/in/sidra-syed649,7,0.9
INT-10489,Mahnoor Shaikh,mahnoor.shaikh489@yahoo.com,03171424763,31,Male,Lahore,Punjab,BS Economics,COMSATS University,3.46,"Pandas, Tableau, Excel, Machine Learning, SQL, Html, Css",9,Data Analytics,University Portal,26000,2025-04-27 07:33:00,https://www.linkedin.com/in/mahnoor-shaikh489,7,0.8
INT-10759,Talha Memon,talha.memon759@outlook.com,03028959617,25,Female,Peshawar,Khyber Pakhtunkhwa,BS Information Technology,FAST NUCES,2.9,"Excel, Html, Css",9,Data Analytics,Referral,26000,2025-03-10 17:31:00,https://www.linkedin.com/in/talha-memon759,3,0.8
INT-10325,Ali Ansari,ali.ansari325@icloud.com,03488384378,25,Male,Islamabad,Islamabad Capital Territory,BS Information Technology,University of Sindh,3.09,"Html, Css, Power BI, Pandas",13,Data Analytics,Referral,10000,2025-04-24 17:58:00,Not Provided,4,1.1
INT-10547,Iqra Bhatti,iqra.bhatti547@outlook.com,03405834359,28,Male,Hyderabad,Sindh,BS Computer Science,University of Karachi,3.49,"Tableau, Pandas, Git",8,Marketing,Internee.pk,27000,2025-03-10 07:10:00,https://www.linkedin.com/in/iqra-bhatti547,3,0.7
INT-10026,Sana Syed,sana.syed26@gmail.com,03191623659,27,Male,Rawalpindi,Punjab,BS Computer Science,IBA Karachi,2.85,"Tableau, Power BI, SQL, Pandas",12,Finance,Indeed,18000,2025-03-10 22:53:00,https://www.linkedin.com/in/sana-syed26,4,1.0
INT-10697,Danish Bhatti,danish.bhatti697@gmail.com,03312010295,23,Male,Multan,Punjab,BS Information Technology,FAST NUCES,3.47,"Excel, Power BI, Pandas, SQL",8,Software Development,Indeed,32000,2025-04-03 21:10:00,Not Provided,4,0.7
INT-10856,Hussain Rind,hussain.rind856@icloud.com,03240044341,26,Male,Karachi,Sindh,BS Data Science,LUMS,3.99,"Excel, Statistics",4,Software Development,University Portal,35000,2025-03-10 09:42:00,https://www.linkedin.com/in/hussain-rind856,2,0.3
INT-10847,Sidra Shah,sidra.shah847@icloud.com,03425422413,24,Male,Rawalpindi,Punjab,BS Information Technology,NED University,2.76,"Html, Css, Git, Tableau, Power BI, Machine Learning, SQL",3,Product,LinkedIn,26000,2025-04-23 11:16:00,https://www.linkedin.com/in/sidra-shah847,7,0.2
INT-10166,Ali Qureshi,ali.qureshi166@outlook.com,03470265150,27,Male,Hyderabad,Sindh,BBA,IBA Karachi,3.43,"Python, Communication, Excel",4,Software Development,Indeed,28000,2025-03-10 19:42:00,https://www.linkedin.com/in/ali-qureshi166,3,0.3
INT-10506,Zain Baloch,zain.baloch506@yahoo.com,03480470328,27,Female,Hyderabad,Sindh,BS Economics,Mehran University,3.12,"Python, SQL, Statistics, Tableau, Excel",26,Human Resources,Direct,32000,2025-04-18 05:11:00,https://www.linkedin.com/in/zain-baloch506,5,2.2
INT-10222,Muhammad Ansari,muhammad.ansari222@gmail.com,03140260446,29,Male,Faisalabad,Punjab,BS Software Engineering,FAST NUCES,2.96,"Communication, Machine Learning, Excel, Pandas",2,Data Analytics,Indeed,41000,2025-04-19 23:06:00,https://www.linkedin.com/in/muhammad-ansari222,4,0.2
INT-10668,Usman Siddiqui,usman.siddiqui668@yahoo.com,03341098788,27,Female,Rawalpindi,Punjab,BBA,Shah Abdul Latif University,3.09,"Pandas, Machine Learning, Git, Python",9,Business Intelligence,Referral,49000,2025-04-10 14:38:00,https://www.linkedin.com/in/usman-siddiqui668,4,0.8
INT-10529,Ali Qureshi,ali.qureshi529@icloud.com,03269978381,27,Male,Multan,Punjab,BS Information Technology,NUST,3.07,"Statistics, Git, SQL",7,Marketing,LinkedIn,12000,2025-04-22 07:53:00,https://www.linkedin.com/in/ali-qureshi529,3,0.6
INT-10659,Noor Shaikh,noor.shaikh659@gmail.com,03497777566,26,Male,Abbottabad,Khyber Pakhtunkhwa,BS Economics,University of Sindh,3.22,"Statistics, Tableau, Power BI",3,Software Development,LinkedIn,28000,2025-03-23 19:40:00,https://www.linkedin.com/in/noor-shaikh659,3,0.2
INT-10183,Zara Abbasi,zara.abbasi183@gmail.com,03475648747,26,Female,Larkana,Sindh,BS Data Science,NUST,3.89,"Git, Power BI, Tableau, Statistics",12,Data Analytics,University Portal,32000,2025-03-14 10:46:00,https://www.linkedin.com/in/zara-abbasi183,4,1.0
INT-10425,Fatima Rind,fatima.rind425@yahoo.com,03316630731,28,Female,Larkana,Sindh,BS Computer Science,University of Karachi,2.65,"Excel, Communication, Statistics, Machine Learning, Git",14,Software Development,University Portal,40000,2025-04-18 19:30:00,https://www.linkedin.com/in/fatima-rind425,5,1.2
INT-10065,Talha Rind,talha.rind65@icloud.com,03219239650,22,Male,Multan,Punjab,BS Information Technology,Shah Abdul Latif University,2.6,"Python, Machine Learning, Git, Communication",2,Finance,LinkedIn,15000,2025-03-02 12:54:00,https://www.linkedin.com/in/talha-rind65,4,0.2
INT-10537,Laiba Abbasi,laiba.abbasi537@icloud.com,03295058606,23,Male,Lahore,Punjab,BS Economics,FAST NUCES,2.81,"Git, Communication, Pandas",9,Software Development,University Portal,46000,2025-03-19 19:45:00,https://www.linkedin.com/in/laiba-abbasi537,3,0.8
INT-10051,Eman Siddiqui,eman.siddiqui51@yahoo.com,03475617083,25,Male,Peshawar,Khyber Pakhtunkhwa,BS Information Technology,FAST NUCES,3.77,"Statistics, Communication, Data Visualization, SQL, Html, Css",7,Product,Referral,37000,2025-04-15 21:40:00,https://www.linkedin.com/in/eman-siddiqui51,6,0.6
INT-10626,Zain Mirza,zain.mirza626@outlook.com,03075142357,28,Male,Hyderabad,Sindh,BS Information Technology,Bahria University,3.05,"Pandas, Data Visualization, Python, Communication, Machine Learning, SQL",2,Product,Indeed,32000,2025-04-16 12:02:00,https://www.linkedin.com/in/zain-mirza626,6,0.2
INT-10727,Mariam Rind,mariam.rind727@gmail.com,03441250592,24,Male,Nawabshah,Sindh,BS Software Engineering,FAST NUCES,3.23,"Html, Css, SQL, Statistics, Machine Learning, Excel",12,Software Development,Direct,30000,2025-04-01 06:40:00,https://www.linkedin.com/in/mariam-rind727,6,1.0
INT-10396,Bilal Siddiqui,bilal.siddiqui396@gmail.com,03223330925,27,Male,Islamabad,Islamabad Capital Territory,BS Computer Science,University of Karachi,3.34,"Excel, Pandas, Communication, Machine Learning",29,Data Analytics,University Portal,31000,2025-04-14 06:48:00,https://www.linkedin.com/in/bilal-siddiqui396,4,2.4
INT-10307,Ahsan Syed,ahsan.syed307@icloud.com,03457180545,27,Male,Larkana,Sindh,BS Information Technology,Punjab University,3.29,"SQL, Excel, Pandas, Data Visualization",15,Business Intelligence,Direct,18000,2025-03-03 00:51:00,https://www.linkedin.com/in/ahsan-syed307,4,1.2
INT-10023,Bilal Ansari,bilal.ansari23@gmail.com,03073639321,30,Male,Hyderabad,Sindh,BS Computer Science,NED University,2.96,"Power BI, Tableau, Statistics, Python, Data Visualization, Html, Css",3,Marketing,Indeed,23000,2025-03-26 02:14:00,https://www.linkedin.com/in/bilal-ansari23,7,0.2
INT-10777,Hamza Shaikh,hamza.shaikh777@outlook.com,03440001645,28,Male,Lahore,Punjab,BBA,IBA Karachi,3.19,"Power BI, Machine Learning",2,Product,University Portal,22000,2025-03-15 09:01:00,https://www.linkedin.com/in/hamza-shaikh777,2,0.2
INT-10059,Ali Chandio,ali.chandio59@icloud.com,03130204444,27,Female,Multan,Punjab,BS Software Engineering,Shah Abdul Latif University,3.43,"Data Visualization, Python, Html, Css, Git, Pandas",10,Data Analytics,Internee.pk,33000,2025-04-16 03:22:00,Not Provided,6,0.8
INT-10817,Hamza Rind,hamza.rind817@gmail.com,03097953639,25,Female,Larkana,Sindh,BS Computer Science,NED University,3.78,Not Specified,19,Software Development,Referral,26000,2025-03-17 14:17:00,https://www.linkedin.com/in/hamza-rind817,0,1.6
INT-10611,Sana Ansari,sana.ansari611@yahoo.com,03117566565,31,Male,Hyderabad,Sindh,BS Computer Science,NED University,3.2,"Html, Css, Data Visualization, Git, Statistics, Power BI, Python",36,Marketing,University Portal,45000,2025-03-23 09:53:00,https://www.linkedin.com/in/sana-ansari611,7,3.0
INT-10825,Sajid Abbasi,sajid.abbasi825@icloud.com,03340807358,20,Female,Quetta,Balochistan,BS Economics,Punjab University,2.93,"Power BI, Data Visualization, Python",9,Finance,Internee.pk,25000,2025-03-02 20:12:00,https://www.linkedin.com/in/sajid-abbasi825,3,0.8
INT-10550,Farhan Baloch,farhan.baloch550@yahoo.com,03390731056,25,Male,Faisalabad,Punjab,BS Statistics,University of Sindh,3.43,"Excel, Power BI, Statistics, Python, Communication, Git",18,Software Development,Indeed,39000,2025-04-11 18:16:00,https://www.linkedin.com/in/farhan-baloch550,6,1.5
INT-10340,Mahnoor Shaikh,mahnoor.shaikh340@outlook.com,03128445018,25,Male,Nawabshah,Sindh,BS Information Technology,COMSATS University,2.95,"Python, Excel, Html, Css, Machine Learning, Communication, Pandas",3,Software Development,University Portal,44000,2025-04-04 15:30:00,https://www.linkedin.com/in/mahnoor-shaikh340,7,0.2
INT-10678,Sajid Siddiqui,sajid.siddiqui678@yahoo.com,03411352108,23,Male,Islamabad,Islamabad Capital Territory,BS Computer Science,Mehran University,3.04,"Power BI, Tableau",9,Software Development,University Portal,33000,2025-03-31 13:55:00,https://www.linkedin.com/in/sajid-siddiqui678,2,0.8
INT-10003,Noor Jatoi,noor.jatoi3@outlook.com,03151788354,25,Male,Nawabshah,Sindh,BS Statistics,NED University,3.1,"Python, Machine Learning, Git, Communication",13,Marketing,Direct,40000,2025-03-21 19:31:00,https://www.linkedin.com/in/noor-jatoi3,4,1.1
INT-10836,Yasir Chandio,yasir.chandio836@icloud.com,03023429536,26,Male,Islamabad,Islamabad Capital Territory,BS Economics,NUST,2.68,"SQL, Git, Pandas",21,Marketing,Indeed,36000,2025-03-03 02:09:00,https://www.linkedin.com/in/yasir-chandio836,3,1.8
INT-10624,Nimra Malik,nimra.malik624@gmail.com,03023975012,24,Female,Nawabshah,Sindh,BS Information Technology,Shah Abdul Latif University,3.17,"Git, Machine Learning, Html, Css, Statistics",3,Software Development,Indeed,27000,2025-04-22 23:27:00,https://www.linkedin.com/in/nimra-malik624,5,0.2
INT-10724,Laiba Ali,laiba.ali724@yahoo.com,03075695835,31,Male,Karachi,Sindh,BS Information Technology,Not Provided,2.79,"Data Visualization, Html, Css, Excel, Power BI, Python",5,Data Analytics,Referral,36000,2025-04-16 08:14:00,https://www.linkedin.com/in/laiba-ali724,6,0.4
INT-10523,Mahnoor Rind,mahnoor.rind523@icloud.com,03230691593,19,Female,Sukkur,Sindh,BS Information Technology,NED University,3.44,"Machine Learning, Power BI, Communication, Git, Pandas, SQL",23,Software Development,Direct,42000,2025-03-21 06:36:00,https://www.linkedin.com/in/mahnoor-rind523,6,1.9
INT-10338,Laiba Mirza,laiba.mirza338@gmail.com,03103907056,27,Female,Faisalabad,Punjab,BBA,NUST,2.32,"Python, Pandas, Machine Learning, Html, Css, Git",13,Data Analytics,University Portal,50000,2025-03-08 03:58:00,https://www.linkedin.com/in/laiba-mirza338,6,1.1
INT-10123,Farhan Shah,farhan.shah123@outlook.com,03073304905,25,Male,Mardan,Khyber Pakhtunkhwa,BS Data Science,LUMS,2.87,"Tableau, Communication, Pandas",2,Software Development,University Portal,20000,2025-04-27 07:51:00,https://www.linkedin.com/in/farhan-shah123,3,0.2
INT-10246,Rida Rind,rida.rind246@icloud.com,03198792689,24,Female,Hyderabad,Sindh,BS Computer Science,FAST NUCES,3.03,"Html, Css, Machine Learning",9,Software Development,Internee.pk,43000,2025-03-18 16:24:00,https://www.linkedin.com/in/rida-rind246,3,0.8
INT-10145,Farhan Ali,farhan.ali145@outlook.com,03184582985,23,Male,Hyderabad,Sindh,BBA,FAST NUCES,3.32,"Data Visualization, Statistics",10,Marketing,Indeed,34000,2025-03-18 18:46:00,https://www.linkedin.com/in/farhan-ali145,2,0.8
INT-10011,Ahsan Ali,ahsan.ali11@yahoo.com,03150163144,26,Male,Gujranwala,Punjab,BS Computer Science,University of Sindh,3.27,"Machine Learning, Excel, Html, Css, SQL, Python",17,Finance,Referral,35000,2025-03-21 13:03:00,https://www.linkedin.com/in/ahsan-ali11,6,1.4
INT-10496,Zara Malik,zara.malik496@outlook.com,03492307517,29,Female,Lahore,Punjab,BS Computer Science,NED University,3.0,"Excel, Data Visualization",8,Data Analytics,University Portal,33000,2025-03-11 08:33:00,https://www.linkedin.com/in/zara-malik496,2,0.7
INT-10191,Hamza Khan,hamza.khan191@outlook.com,03162251616,28,Female,Nawabshah,Sindh,BS Computer Science,NUST,2.91,"Git, Html, Css, Tableau, Pandas, Excel, Python",2,Product,LinkedIn,35000,2025-04-13 12:23:00,Not Provided,7,0.2
INT-10399,Talha Baloch,talha.baloch399@yahoo.com,03117997660,22,Male,Multan,Punjab,BS Computer Science,Bahria University,3.27,"Tableau, SQL, Communication, Excel",18,Data Analytics,Referral,19000,2025-04-17 23:20:00,https://www.linkedin.com/in/talha-baloch399,4,1.5
INT-10711,Danish Syed,danish.syed711@outlook.com,03196604054,23,Female,Larkana,Sindh,BS Data Science,IBA Karachi,2.76,"Html, Css, Excel, Statistics",16,Data Analytics,Indeed,22000,2025-03-31 14:30:00,https://www.linkedin.com/in/danish-syed711,4,1.3
INT-20039,Laiba Khan,laiba.khan525@outlook.com,03055261306,27,Female,Lahore,Punjab,BS Computer Science,University of Sindh,3.19,"Html, Css, Excel, SQL, Communication, Data Visualization",4,Software Development,University Portal,27000,2025-03-14 04:54:00,https://www.linkedin.com/in/laiba-khan525,6,0.3
INT-10521,Saad Ahmed,saad.ahmed521@yahoo.com,03367121044,20,Male,Multan,Punjab,BS Software Engineering,COMSATS University,3.4,"Pandas, Git, Tableau, Machine Learning, Data Visualization, Html, Css",26,Marketing,University Portal,18000,2025-04-06 07:59:00,https://www.linkedin.com/in/saad-ahmed521,7,2.2
INT-10783,Muhammad Ali,muhammad.ali783@yahoo.com,03164441569,29,Male,Rawalpindi,Punjab,BS Computer Science,COMSATS University,2.83,"Html, Css, Data Visualization, Python, Excel, Tableau, Machine Learning",26,Finance,Internee.pk,11000,2025-03-08 05:55:00,https://www.linkedin.com/in/muhammad-ali783,7,2.2
INT-10769,Bilal Baloch,bilal.baloch769@yahoo.com,03158208274,21,Male,Islamabad,Islamabad Capital Territory,BS Software Engineering,COMSATS University,3.22,"Excel, Git, Data Visualization, Power BI, Machine Learning, Communication",20,Data Analytics,Indeed,36000,2025-03-05 09:25:00,https://www.linkedin.com/in/bilal-baloch769,6,1.7
INT-10610,Shayan Shah,shayan.shah610@outlook.com,03260621900,27,Female,Peshawar,Khyber Pakhtunkhwa,BS Data Science,COMSATS University,2.51,"SQL, Git, Communication, Pandas, Statistics, Excel",6,Finance,LinkedIn,52000,2025-03-30 16:04:00,https://www.linkedin.com/in/shayan-shah610,6,0.5
INT-10782,Mariam Shah,mariam.shah782@yahoo.com,03115676804,28,Male,Abbottabad,Khyber Pakhtunkhwa,BBA,University of Karachi,2.25,"Excel, Data Visualization, Python, Communication, Statistics, SQL",8,Marketing,Direct,33000,2025-04-04 23:12:00,https://www.linkedin.com/in/mariam-shah782,6,0.7
INT-10640,Hamza Chandio,hamza.chandio640@yahoo.com,03402439994,29,Female,Gujranwala,Punjab,BS Information Technology,COMSATS University,3.74,"Excel, Tableau, Statistics, Machine Learning",8,Data Analytics,Direct,25000,2025-03-28 07:29:00,https://www.linkedin.com/in/hamza-chandio640,4,0.7
INT-10713,Hussain Shah,hussain.shah713@icloud.com,03095876194,26,Male,Karachi,Sindh,BS Statistics,FAST NUCES,3.4,"Excel, Git, Pandas",5,Human Resources,University Portal,14000,2025-03-21 23:32:00,https://www.linkedin.com/in/hussain-shah713,3,0.4
INT-10630,Iqra Abbasi,iqra.abbasi630@yahoo.com,03160195372,23,Male,Larkana,Sindh,BS Software Engineering,Bahria University,2.65,"Data Visualization, SQL, Pandas",5,Software Development,Internee.pk,20000,2025-03-09 02:54:00,https://www.linkedin.com/in/iqra-abbasi630,3,0.4
INT-10447,Sidra Mirza,sidra.mirza447@icloud.com,03186760064,25,Female,Larkana,Sindh,BS Information Technology,Shah Abdul Latif University,2.0,"Excel, Statistics, Html, Css",14,Data Analytics,University Portal,12000,2025-04-06 21:54:00,https://www.linkedin.com/in/sidra-mirza447,4,1.2
INT-10302,Hamza Syed,hamza.syed302@yahoo.com,03230377516,23,Male,Gujranwala,Punjab,BS Information Technology,University of Sindh,2.88,"Git, Python",1,Software Development,University Portal,19000,2025-04-11 11:47:00,https://www.linkedin.com/in/hamza-syed302,2,0.1
INT-10127,Ali Rajput,ali.rajput127@yahoo.com,03323800090,25,Male,Larkana,Sindh,BS Data Science,IBA Karachi,3.58,"Pandas, Statistics, Git",6,Software Development,Internee.pk,31000,2025-03-20 17:14:00,https://www.linkedin.com/in/ali-rajput127,3,0.5
INT-10516,Muhammad Ahmed,muhammad.ahmed516@yahoo.com,Not Provided,26,Male,Faisalabad,Punjab,BS Data Science,LUMS,2.95,"Excel, Statistics, Communication",15,Data Analytics,LinkedIn,25000,2025-03-09 15:13:00,https://www.linkedin.com/in/muhammad-ahmed516,3,1.2
INT-10576,Hira Baloch,hira.baloch576@outlook.com,03389017410,26,Female,Multan,Punjab,BBA,Mehran University,2.6,"Statistics, Power BI",7,Business Intelligence,University Portal,14000,2025-03-08 19:57:00,https://www.linkedin.com/in/hira-baloch576,2,0.6
INT-10509,Mariam Baloch,mariam.baloch509@yahoo.com,03331986889,33,Female,Sukkur,Sindh,BS Computer Science,LUMS,2.86,"Git, Data Visualization, Html, Css, Python, Excel",6,Data Analytics,University Portal,24000,2025-03-07 23:33:00,https://www.linkedin.com/in/mariam-baloch509,6,0.5
INT-10824,Farhan Bhatti,farhan.bhatti824@gmail.com,03083193263,27,Male,Gujranwala,Punjab,BBA,University of Sindh,3.26,"Machine Learning, Python",9,Finance,Internee.pk,28000,2025-03-21 00:42:00,https://www.linkedin.com/in/farhan-bhatti824,2,0.8
INT-10254,Sidra Syed,sidra.syed254@outlook.com,03182777702,24,Female,Gujranwala,Punjab,BS Statistics,Punjab University,3.06,"Power BI, Python, Git",22,Business Intelligence,Indeed,39000,2025-04-16 03:16:00,https://www.linkedin.com/in/sidra-syed254,3,1.8
INT-10435,Eman Ansari,eman.ansari435@gmail.com,03280746445,26,Male,Nawabshah,Sindh,BS Software Engineering,Punjab University,2.67,"Power BI, Html, Css, Machine Learning, Statistics",0,Human Resources,LinkedIn,12000,2025-04-15 22:40:00,https://www.linkedin.com/in/eman-ansari435,5,0.0
INT-10269,Areeba Ali,areeba.ali269@gmail.com,03013679287,23,Male,Hyderabad,Sindh,BS Information Technology,University of Karachi,3.11,"Machine Learning, SQL, Tableau",5,Product,Indeed,16000,2025-03-12 09:30:00,https://www.linkedin.com/in/areeba-ali269,3,0.4
INT-10306,Hamza Jatoi,hamza.jatoi306@gmail.com,03253622532,26,Male,Hyderabad,Sindh,BS Computer Science,Bahria University,3.73,"Excel, Power BI, Communication",6,Data Analytics,Referral,52000,2025-03-26 17:55:00,https://www.linkedin.com/in/hamza-jatoi306,3,0.5
INT-10009,Saad Khan,saad.khan9@gmail.com,03184530650,27,Male,Nawabshah,Sindh,BS Software Engineering,Punjab University,3.36,"Machine Learning, Html, Css, Power BI, Python, Git, Excel",23,Finance,Indeed,10000,2025-03-22 22:44:00,https://www.linkedin.com/in/saad-khan9,7,1.9
INT-10378,Mariam Baloch,mariam.baloch378@gmail.com,03059375688,29,Female,Islamabad,Islamabad Capital Territory,BS Information Technology,Punjab University,2.58,"Pandas, Machine Learning, Html, Css, Git",10,Finance,LinkedIn,25000,2025-03-12 00:03:00,https://www.linkedin.com/in/mariam-baloch378,5,0.8
INT-20013,Iqra Siddiqui,iqra.siddiqui208@outlook.com,03031479842,21,Male,Karachi,Sindh,BS Information Technology,LUMS,3.19,"Data Visualization, Power BI, Excel",8,Software Development,Referral,34000,2025-03-31 16:05:00,https://www.linkedin.com/in/iqra-siddiqui208,3,0.7
INT-10751,Mahnoor Chandio,mahnoor.chandio751@icloud.com,03330537612,21,Female,Nawabshah,Sindh,BS Computer Science,University of Karachi,3.09,"Machine Learning, SQL, Power BI",23,Software Development,Direct,21000,2025-03-11 14:13:00,https://www.linkedin.com/in/mahnoor-chandio751,3,1.9
INT-10149,Fatima Baloch,fatima.baloch149@gmail.com,03076445786,25,Female,Khairpur,Sindh,BBA,University of Karachi,3.11,"Pandas, Excel",9,Business Intelligence,Indeed,18000,2025-04-08 09:28:00,https://www.linkedin.com/in/fatima-baloch149,2,0.8
INT-10796,Yasir Siddiqui,yasir.siddiqui796@gmail.com,03318828288,22,Male,Gujranwala,Punjab,BS Software Engineering,NUST,3.74,"Excel, Pandas",8,Data Analytics,University Portal,28000,2025-03-25 00:26:00,https://www.linkedin.com/in/yasir-siddiqui796,2,0.7
INT-10832,Eman Ahmed,eman.ahmed832@gmail.com,03339805678,21,Female,Sukkur,Sindh,BS Information Technology,NUST,3.46,"Python, Html, Css, SQL",7,Business Intelligence,University Portal,23000,2025-03-26 20:48:00,https://www.linkedin.com/in/eman-ahmed832,4,0.6
INT-10126,Sajid Memon,sajid.memon126@gmail.com,03231422290,29,Male,Khairpur,Sindh,BS Information Technology,Punjab University,3.09,"Tableau, Html, Css, SQL",8,Product,LinkedIn,18000,2025-03-26 18:21:00,https://www.linkedin.com/in/sajid-memon126,4,0.7
INT-10102,Usman Shaikh,usman.shaikh102@outlook.com,Not Provided,23,Male,Sukkur,Sindh,BS Data Science,COMSATS University,3.54,"Html, Css, Excel, Power BI, Machine Learning",3,Business Intelligence,Direct,31000,2025-03-31 03:53:00,https://www.linkedin.com/in/usman-shaikh102,5,0.2
INT-10620,Yasir Shah,yasir.shah620@yahoo.com,03096269040,22,Male,Quetta,Balochistan,BS Economics,IBA Karachi,2.21,"Excel, Data Visualization",9,Data Analytics,Indeed,32000,2025-04-08 22:41:00,https://www.linkedin.com/in/yasir-shah620,2,0.8
INT-10001,Zara Baloch,zara.baloch1@outlook.com,03126858174,18,Male,Hyderabad,Sindh,BS Statistics,FAST NUCES,3.18,"Statistics, Pandas, Python, SQL",21,Business Intelligence,LinkedIn,24000,2025-04-23 11:37:00,https://www.linkedin.com/in/zara-baloch1,4,1.8
INT-10637,Areeba Abbasi,areeba.abbasi637@gmail.com,03135641624,29,Male,Islamabad,Islamabad Capital Territory,BS Information Technology,University of Sindh,2.55,Not Specified,14,Data Analytics,LinkedIn,36000,2025-04-11 20:31:00,https://www.linkedin.com/in/areeba-abbasi637,0,1.2
INT-10250,Mahnoor Soomro,mahnoor.soomro250@icloud.com,03026616210,23,Male,Sukkur,Sindh,BBA,NED University,2.61,"Statistics, Html, Css, Git, Pandas",18,Product,University Portal,35000,2025-04-27 05:58:00,https://www.linkedin.com/in/mahnoor-soomro250,5,1.5
INT-10071,Danish Rajput,danish.rajput71@outlook.com,03280440589,23,Female,Lahore,Punjab,BS Information Technology,Shah Abdul Latif University,3.33,"Machine Learning, Excel",11,Finance,Internee.pk,47000,2025-03-02 02:33:00,https://www.linkedin.com/in/danish-rajput71,2,0.9
INT-10746,Hussain Shah,hussain.shah746@outlook.com,03115582484,28,Male,Rawalpindi,Punjab,BS Computer Science,University of Karachi,3.32,"Power BI, Machine Learning, Pandas, Excel, Git, Data Visualization",10,Software Development,Internee.pk,10000,2025-03-03 06:49:00,https://www.linkedin.com/in/hussain-shah746,6,0.8
INT-10706,Laiba Rajput,laiba.rajput706@gmail.com,03012535037,27,Male,Sukkur,Sindh,BS Computer Science,NED University,3.26,"Data Visualization, Machine Learning, Excel",2,Marketing,LinkedIn,35000,2025-03-05 01:47:00,https://www.linkedin.com/in/laiba-rajput706,3,0.2
INT-10144,Danish Bhatti,danish.bhatti144@gmail.com,03222870265,23,Male,Nawabshah,Sindh,BS Information Technology,COMSATS University,3.58,"Pandas, Tableau, Git",7,Business Intelligence,LinkedIn,28000,2025-03-15 19:29:00,https://www.linkedin.com/in/danish-bhatti144,3,0.6
INT-10708,Hamza Memon,hamza.memon708@gmail.com,03181237470,19,Female,Rawalpindi,Punjab,BS Economics,Bahria University,3.33,"Machine Learning, Power BI, Tableau, Git",1,Software Development,Internee.pk,20000,2025-04-23 19:31:00,https://www.linkedin.com/in/hamza-memon708,4,0.1
INT-10673,Shayan Shah,shayan.shah673@yahoo.com,03163991650,20,Male,Abbottabad,Khyber Pakhtunkhwa,BS Data Science,Shah Abdul Latif University,2.66,"Power BI, Html, Css, Statistics",4,Marketing,LinkedIn,48000,2025-04-01 11:46:00,https://www.linkedin.com/in/shayan-shah673,4,0.3
INT-10487,Mahnoor Memon,mahnoor.memon487@yahoo.com,03193104422,26,Male,Khairpur,Sindh,BS Information Technology,University of Sindh,2.0,"Python, Data Visualization, Excel, SQL, Statistics",12,Human Resources,Indeed,23000,2025-03-10 15:52:00,https://www.linkedin.com/in/mahnoor-memon487,5,1.0
INT-10235,Sana Rind,sana.rind235@yahoo.com,03121413433,29,Male,Faisalabad,Punjab,BS Software Engineering,Not Provided,3.06,"Git, Data Visualization, Tableau, Machine Learning",5,Product,Indeed,23000,2025-04-06 08:55:00,https://www.linkedin.com/in/sana-rind235,4,0.4
INT-10236,Mahnoor Malik,mahnoor.malik236@icloud.com,03394065998,26,Male,Faisalabad,Punjab,BS Computer Science,University of Sindh,2.68,"Html, Css, Communication, Pandas, SQL",8,Data Analytics,LinkedIn,16000,2025-03-17 01:59:00,https://www.linkedin.com/in/mahnoor-malik236,5,0.7
INT-10286,Hussain Abbasi,hussain.abbasi286@yahoo.com,03198321137,26,Female,Hyderabad,Sindh,BS Computer Science,LUMS,3.17,"Excel, Python, Power BI, SQL, Communication",15,Human Resources,University Portal,43000,2025-04-28 20:02:00,https://www.linkedin.com/in/hussain-abbasi286,5,1.2
INT-10207,Hira Bhatti,hira.bhatti207@icloud.com,03057013284,26,Female,Hyderabad,Sindh,BS Software Engineering,University of Karachi,3.43,"Power BI, Excel, Data Visualization, Machine Learning, SQL",11,Human Resources,University Portal,22000,2025-04-03 10:23:00,https://www.linkedin.com/in/hira-bhatti207,5,0.9
INT-10446,Mahnoor Shaikh,mahnoor.shaikh446@outlook.com,03246152632,30,Male,Larkana,Sindh,BS Computer Science,FAST NUCES,2.75,"Tableau, Python, Statistics, Communication",7,Business Intelligence,Referral,35000,2025-04-05 06:42:00,https://www.linkedin.com/in/mahnoor-shaikh446,4,0.6
INT-10797,Sana Chandio,sana.chandio797@outlook.com,03349172963,26,Prefer not to say,Khairpur,Sindh,BS Information Technology,Punjab University,2.75,"Html, Css, Data Visualization, Git",17,Software Development,Referral,26000,2025-04-17 04:45:00,https://www.linkedin.com/in/sana-chandio797,4,1.4
INT-10590,Mahnoor Memon,mahnoor.memon590@gmail.com,03345429848,25,Female,Islamabad,Islamabad Capital Territory,BS Economics,FAST NUCES,3.41,"Python, SQL, Html, Css, Pandas, Machine Learning, Communication",18,Human Resources,LinkedIn,31000,2025-03-21 18:11:00,https://www.linkedin.com/in/mahnoor-memon590,7,1.5
INT-10546,Nimra Jatoi,nimra.jatoi546@yahoo.com,03354811418,23,Male,Larkana,Sindh,BS Information Technology,NUST,3.46,"Excel, Power BI, SQL",12,Business Intelligence,Direct,48000,2025-04-04 16:04:00,https://www.linkedin.com/in/nimra-jatoi546,3,1.0
INT-10700,Mahnoor Bhatti,mahnoor.bhatti700@yahoo.com,03279277838,24,Male,Nawabshah,Sindh,BS Computer Science,University of Sindh,3.13,Not Specified,0,Business Intelligence,Indeed,25000,2025-04-29 17:09:00,https://www.linkedin.com/in/mahnoor-bhatti700,0,0.0
INT-10259,Shayan Ansari,shayan.ansari259@icloud.com,03230933795,25,Male,Islamabad,Islamabad Capital Territory,BS Information Technology,FAST NUCES,2.95,"Excel, Pandas, Statistics, Python, SQL",3,Marketing,LinkedIn,42000,2025-04-29 02:32:00,https://www.linkedin.com/in/shayan-ansari259,5,0.2
INT-10583,Usman Shaikh,usman.shaikh583@yahoo.com,03248753262,22,Male,Mardan,Khyber Pakhtunkhwa,BS Data Science,COMSATS University,2.66,"Excel, Machine Learning",11,Data Analytics,University Portal,39000,2025-04-06 12:43:00,https://www.linkedin.com/in/usman-shaikh583,2,0.9
INT-10664,Bilal Chandio,bilal.chandio664@outlook.com,03058467334,25,Female,Larkana,Sindh,BS Information Technology,University of Sindh,2.6,"Git, Python",9,Finance,Indeed,38000,2025-04-23 10:18:00,https://www.linkedin.com/in/bilal-chandio664,2,0.8
INT-10172,Farhan Ansari,farhan.ansari172@icloud.com,03401905488,20,Male,Gujranwala,Punjab,BS Economics,Punjab University,3.47,"Data Visualization, SQL",26,Product,University Portal,45000,2025-04-09 17:29:00,https://www.linkedin.com/in/farhan-ansari172,2,2.2
INT-10508,Shayan Khan,shayan.khan508@gmail.com,03208318612,23,Female,Multan,Punjab,BS Data Science,Shah Abdul Latif University,3.11,"Communication, Tableau, Power BI, Pandas, Machine Learning, Html, Css",6,Software Development,Direct,24000,2025-04-21 07:41:00,https://www.linkedin.com/in/shayan-khan508,7,0.5
INT-10054,Ali Syed,ali.syed54@yahoo.com,03310815198,27,Female,Karachi,Sindh,BS Computer Science,Shah Abdul Latif University,3.51,"Excel, Python",1,Data Analytics,University Portal,16000,2025-03-18 03:07:00,https://www.linkedin.com/in/ali-syed54,2,0.1
INT-10732,Noor Rind,noor.rind732@icloud.com,Not Provided,26,Male,Abbottabad,Khyber Pakhtunkhwa,BS Software Engineering,FAST NUCES,2.97,"Html, Css, Power BI, Git",32,Software Development,Direct,17000,2025-03-17 01:32:00,https://www.linkedin.com/in/noor-rind732,4,2.7
INT-10507,Areeba Rajput,areeba.rajput507@gmail.com,03015980248,29,Female,Islamabad,Islamabad Capital Territory,BS Data Science,LUMS,3.63,"Excel, Tableau, Statistics, Machine Learning, Git, Data Visualization",7,Data Analytics,LinkedIn,16000,2025-03-19 18:00:00,https://www.linkedin.com/in/areeba-rajput507,6,0.6
INT-10559,Eman Memon,eman.memon559@gmail.com,03312803965,23,Male,Faisalabad,Punjab,BS Software Engineering,Bahria University,3.47,"Excel, Html, Css, Git, Statistics, Data Visualization, Pandas",6,Data Analytics,LinkedIn,38000,2025-03-31 04:12:00,https://www.linkedin.com/in/eman-memon559,7,0.5
INT-10018,Ali Mirza,ali.mirza18@yahoo.com,03397127599,24,Female,Nawabshah,Sindh,BBA,COMSATS University,2.66,"Statistics, Git, SQL, Power BI, Data Visualization",7,Software Development,Indeed,50000,2025-04-12 10:14:00,https://www.linkedin.com/in/ali-mirza18,5,0.6
INT-10008,Iqra Memon,iqra.memon8@outlook.com,03354685024,28,Male,Islamabad,Islamabad Capital Territory,BS Information Technology,Punjab University,3.39,"SQL, Statistics, Machine Learning, Communication, Power BI",4,Finance,Direct,38000,2025-04-22 07:05:00,https://www.linkedin.com/in/iqra-memon8,5,0.3
INT-10321,Zain Ali,zain.ali321@yahoo.com,03121750960,28,Female,Mardan,Khyber Pakhtunkhwa,BS Software Engineering,NED University,2.83,"Html, Css, Python, Data Visualization, Communication, Statistics",7,Data Analytics,Direct,23000,2025-04-03 12:25:00,https://www.linkedin.com/in/zain-ali321,6,0.6
INT-10589,Mariam Soomro,mariam.soomro589@icloud.com,03092910156,28,Male,Peshawar,Khyber Pakhtunkhwa,BS Economics,Shah Abdul Latif University,3.51,"Excel, Html, Css, Tableau",8,Data Analytics,Indeed,31000,2025-04-22 03:38:00,https://www.linkedin.com/in/mariam-soomro589,4,0.7
INT-10822,Muhammad Rind,muhammad.rind822@gmail.com,03096534899,27,Female,Gujranwala,Punjab,BS Computer Science,University of Sindh,4.0,"Communication, Power BI, Machine Learning, Python, Tableau, Excel",16,Data Analytics,Referral,10000,2025-03-15 04:26:00,https://www.linkedin.com/in/muhammad-rind822,6,1.3
INT-10239,Saad Rajput,saad.rajput239@icloud.com,03262306015,21,Female,Sukkur,Sindh,BBA,University of Karachi,3.3,"Excel, Power BI",16,Finance,University Portal,10000,2025-03-16 15:42:00,https://www.linkedin.com/in/saad-rajput239,2,1.3
INT-10343,Talha Rajput,talha.rajput343@gmail.com,03010136769,26,Female,Lahore,Punjab,BS Information Technology,Mehran University,2.83,"Python, Data Visualization, Tableau",2,Product,Direct,47000,2025-03-16 10:50:00,https://www.linkedin.com/in/talha-rajput343,3,0.2
INT-10478,Sajid Shah,sajid.shah478@gmail.com,03254362692,28,Female,Larkana,Sindh,BS Data Science,LUMS,3.32,"Tableau, Pandas, Statistics, Data Visualization, Python, Power BI",5,Data Analytics,Indeed,24000,2025-04-10 00:59:00,https://www.linkedin.com/in/sajid-shah478,6,0.4
INT-10535,Iqra Ansari,iqra.ansari535@icloud.com,03085359361,20,Female,Lahore,Punjab,BS Information Technology,Bahria University,2.93,"Pandas, Git",6,Product,Referral,22000,2025-04-03 14:38:00,https://www.linkedin.com/in/iqra-ansari535,2,0.5
INT-10460,Hussain Ahmed,hussain.ahmed460@outlook.com,03261291086,25,Male,Sukkur,Sindh,BS Software Engineering,NED University,2.89,"Power BI, Statistics, Html, Css, Git",6,Business Intelligence,University Portal,18000,2025-03-11 21:29:00,https://www.linkedin.com/in/hussain-ahmed460,5,0.5
INT-10682,Mariam Abbasi,mariam.abbasi682@icloud.com,03015991184,26,Female,Hyderabad,Sindh,BS Information Technology,Mehran University,2.28,"Python, Tableau, Power BI, Excel, Pandas",8,Data Analytics,Direct,15000,2025-03-04 07:08:00,https://www.linkedin.com/in/mariam-abbasi682,5,0.7
INT-10178,Sidra Malik,sidra.malik178@icloud.com,03495660264,21,Male,Hyderabad,Sindh,BS Information Technology,NED University,3.71,"Excel, Pandas, Communication, SQL, Power BI",9,Human Resources,LinkedIn,50000,2025-03-25 02:35:00,https://www.linkedin.com/in/sidra-malik178,5,0.8
INT-10244,Hira Mirza,hira.mirza244@yahoo.com,03075905690,28,Male,Sukkur,Sindh,BS Computer Science,NED University,2.72,"Tableau, Html, Css, Pandas",6,Human Resources,Indeed,33000,2025-03-08 07:00:00,https://www.linkedin.com/in/hira-mirza244,4,0.5
INT-10636,Ahsan Ahmed,ahsan.ahmed636@outlook.com,03189765488,30,Prefer not to say,Multan,Punjab,BS Computer Science,Punjab University,3.79,"Tableau, Communication, Data Visualization, Python",22,Product,Internee.pk,41000,2025-03-08 05:41:00,https://www.linkedin.com/in/ahsan-ahmed636,4,1.8
INT-10545,Iqra Qureshi,iqra.qureshi545@gmail.com,03003350890,25,Female,Karachi,Sindh,BBA,NED University,2.88,"Data Visualization, Excel",13,Software Development,University Portal,43000,2025-04-04 14:22:00,https://www.linkedin.com/in/iqra-qureshi545,2,1.1
INT-10097,Fatima Soomro,fatima.soomro97@icloud.com,03212561654,26,Male,Nawabshah,Sindh,BBA,LUMS,3.45,"Tableau, Git, Excel, Power BI, Pandas, Python",6,Business Intelligence,University Portal,27000,2025-03-07 22:08:00,https://www.linkedin.com/in/fatima-soomro97,6,0.5
INT-10672,Ahsan Siddiqui,ahsan.siddiqui672@outlook.com,03215234409,25,Male,Faisalabad,Punjab,BS Data Science,University of Karachi,2.65,"Data Visualization, Communication, Machine Learning, Excel",21,Human Resources,Indeed,18000,2025-03-14 07:23:00,https://www.linkedin.com/in/ahsan-siddiqui672,4,1.8
INT-10628,Sana Syed,sana.syed628@icloud.com,03227448530,28,Female,Karachi,Sindh,BS Statistics,NUST,3.31,"Pandas, Tableau, SQL, Machine Learning, Excel",10,Finance,Indeed,15000,2025-04-24 00:06:00,https://www.linkedin.com/in/sana-syed628,5,0.8
INT-10153,Areeba Mirza,areeba.mirza153@gmail.com,03365888936,21,Female,Sukkur,Sindh,BS Computer Science,NUST,3.47,"Python, Power BI",4,Data Analytics,Internee.pk,44000,2025-04-07 06:52:00,https://www.linkedin.com/in/areeba-mirza153,2,0.3
INT-10458,Hira Khan,hira.khan458@outlook.com,03383070213,22,Male,Multan,Punjab,BS Computer Science,University of Karachi,3.16,"Machine Learning, Statistics, Excel, Python",6,Product,University Portal,30000,2025-04-03 17:05:00,https://www.linkedin.com/in/hira-khan458,4,0.5
INT-10109,Sidra Shaikh,sidra.shaikh109@outlook.com,03078319267,31,Female,Hyderabad,Sindh,BBA,University of Sindh,2.52,"Data Visualization, Excel",18,Data Analytics,LinkedIn,27000,2025-04-17 16:48:00,https://www.linkedin.com/in/sidra-shaikh109,2,1.5
INT-10230,Shayan Baloch,shayan.baloch230@icloud.com,03351699962,24,Female,Khairpur,Sindh,BS Information Technology,FAST NUCES,2.64,"Data Visualization, Pandas, Python, Communication",6,Data Analytics,Referral,10000,2025-04-24 08:50:00,https://www.linkedin.com/in/shayan-baloch230,4,0.5
INT-10786,Ahsan Rind,ahsan.rind786@yahoo.com,03091365363,26,Male,Islamabad,Islamabad Capital Territory,BS Economics,COMSATS University,3.29,"Python, Git, Html, Css, SQL, Power BI, Communication",20,Marketing,Internee.pk,47000,2025-04-26 09:08:00,https://www.linkedin.com/in/ahsan-rind786,7,1.7
INT-10440,Mahnoor Bhatti,mahnoor.bhatti440@gmail.com,03098433180,26,Male,Hyderabad,Sindh,BS Information Technology,Punjab University,2.96,"Data Visualization, SQL, Power BI, Pandas, Excel, Machine Learning",5,Finance,Indeed,38000,2025-03-03 16:01:00,https://www.linkedin.com/in/mahnoor-bhatti440,6,0.4
INT-10674,Farhan Shah,farhan.shah674@outlook.com,03309547587,21,Female,Khairpur,Sindh,BS Computer Science,University of Sindh,4.0,"Communication, Html, Css, Machine Learning, SQL",5,Marketing,LinkedIn,15000,2025-04-22 17:43:00,https://www.linkedin.com/in/farhan-shah674,5,0.4
INT-10408,Hira Khan,hira.khan408@icloud.com,03064584175,27,Male,Khairpur,Sindh,BS Computer Science,University of Karachi,2.41,"Statistics, Communication, Pandas, Machine Learning, Power BI",8,Product,Direct,22000,2025-04-25 17:04:00,https://www.linkedin.com/in/hira-khan408,5,0.7
INT-10850,Hamza Jatoi,hamza.jatoi850@outlook.com,03228333827,24,Female,Faisalabad,Punjab,BS Economics,Bahria University,2.92,"Data Visualization, Communication, Power BI, Pandas, Git, Html, Css",20,Data Analytics,Indeed,24000,2025-04-02 23:02:00,https://www.linkedin.com/in/hamza-jatoi850,7,1.7
INT-10617,Areeba Memon,areeba.memon617@gmail.com,03315568612,26,Male,Faisalabad,Punjab,BS Computer Science,University of Sindh,2.47,"Python, Statistics",9,Software Development,Internee.pk,23000,2025-03-24 10:22:00,https://www.linkedin.com/in/areeba-memon617,2,0.8
INT-10653,Hussain Shah,hussain.shah653@icloud.com,03448276626,26,Female,Hyderabad,Sindh,BS Computer Science,NUST,2.78,"SQL, Python",14,Data Analytics,Direct,36000,2025-04-12 20:05:00,https://www.linkedin.com/in/hussain-shah653,2,1.2
INT-10034,Rida Shaikh,rida.shaikh34@yahoo.com,03211250203,31,Male,Gujranwala,Punjab,BS Computer Science,IBA Karachi,2.4,"Statistics, Tableau, Excel, Power BI, Pandas",17,Data Analytics,Direct,36000,2025-04-01 14:16:00,https://www.linkedin.com/in/rida-shaikh34,5,1.4
INT-10344,Muhammad Bhatti,muhammad.bhatti344@icloud.com,03273703629,24,Male,Quetta,Balochistan,BS Software Engineering,LUMS,2.36,"Machine Learning, Statistics, Tableau",6,Business Intelligence,Indeed,21000,2025-03-28 22:09:00,https://www.linkedin.com/in/muhammad-bhatti344,3,0.5
INT-10120,Saad Baloch,saad.baloch120@icloud.com,03055791102,32,Female,Hyderabad,Sindh,BS Information Technology,Mehran University,2.15,"Pandas, Power BI",1,Marketing,Direct,23000,2025-04-11 16:44:00,https://www.linkedin.com/in/saad-baloch120,2,0.1
INT-10159,Saad Shah,saad.shah159@outlook.com,03382372169,24,Male,Rawalpindi,Punjab,BS Economics,COMSATS University,3.45,"Git, Machine Learning, Tableau",20,Product,LinkedIn,44000,2025-03-09 12:59:00,https://www.linkedin.com/in/saad-shah159,3,1.7
INT-10334,Hamza Syed,hamza.syed334@yahoo.com,03334855005,26,Male,Quetta,Balochistan,BS Information Technology,University of Karachi,2.97,"Python, Html, Css, Data Visualization, Tableau, Pandas",9,Finance,University Portal,20000,2025-04-22 07:36:00,https://www.linkedin.com/in/hamza-syed334,6,0.8
INT-10827,Saad Khan,saad.khan827@icloud.com,03198194372,21,Female,Hyderabad,Sindh,BS Data Science,Mehran University,3.31,"Git, Html, Css, SQL, Power BI, Machine Learning",8,Finance,University Portal,26000,2025-03-17 07:53:00,https://www.linkedin.com/in/saad-khan827,6,0.7
INT-10528,Rida Baloch,rida.baloch528@outlook.com,03096078636,22,Female,Nawabshah,Sindh,BS Information Technology,Shah Abdul Latif University,3.32,"SQL, Git, Pandas, Machine Learning, Html, Css",10,Business Intelligence,Indeed,26000,2025-04-10 07:28:00,https://www.linkedin.com/in/rida-baloch528,6,0.8
INT-10124,Mariam Siddiqui,mariam.siddiqui124@yahoo.com,03140751158,27,Male,Sukkur,Sindh,BS Information Technology,LUMS,3.09,"Communication, Machine Learning, Git, Statistics, Data Visualization, Power BI",3,Product,LinkedIn,42000,2025-03-16 21:46:00,Not Provided,6,0.2
INT-10294,Nimra Malik,nimra.malik294@yahoo.com,Not Provided,25,Prefer not to say,Islamabad,Islamabad Capital Territory,BS Information Technology,LUMS,3.36,"Excel, Statistics, Pandas, Html, Css",1,Product,LinkedIn,49000,2025-04-04 17:58:00,https://www.linkedin.com/in/nimra-malik294,5,0.1
INT-10301,Zara Ali,zara.ali301@yahoo.com,03019598663,20,Male,Nawabshah,Sindh,BBA,University of Sindh,3.03,"Power BI, Machine Learning, Statistics, Git, Excel",18,Human Resources,University Portal,12000,2025-03-11 08:43:00,https://www.linkedin.com/in/zara-ali301,5,1.5
INT-10377,Iqra Abbasi,iqra.abbasi377@outlook.com,03421477431,24,Female,Faisalabad,Punjab,BS Economics,LUMS,3.38,"Statistics, Machine Learning, Communication",18,Marketing,Referral,30000,2025-03-02 18:06:00,https://www.linkedin.com/in/iqra-abbasi377,3,1.5
INT-10631,Sajid Jatoi,sajid.jatoi631@icloud.com,03255794003,25,Male,Islamabad,Islamabad Capital Territory,BS Information Technology,University of Sindh,3.11,Not Specified,12,Data Analytics,LinkedIn,21000,2025-03-05 10:17:00,https://www.linkedin.com/in/sajid-jatoi631,0,1.0
INT-10439,Rida Siddiqui,rida.siddiqui439@yahoo.com,03187240778,28,Male,Nawabshah,Sindh,BS Software Engineering,University of Sindh,2.49,"Communication, Tableau, Git, Pandas, SQL, Machine Learning",9,Finance,Internee.pk,22000,2025-03-29 11:57:00,https://www.linkedin.com/in/rida-siddiqui439,6,0.8
INT-10193,Areeba Malik,areeba.malik193@gmail.com,03290860450,25,Male,Gujranwala,Punjab,BS Information Technology,IBA Karachi,3.38,"Communication, Tableau, Power BI",19,Software Development,Internee.pk,31000,2025-04-05 05:24:00,https://www.linkedin.com/in/areeba-malik193,3,1.6
INT-10295,Nimra Malik,nimra.malik295@yahoo.com,03282692703,21,Female,Karachi,Sindh,BS Information Technology,NUST,3.35,"Data Visualization, Excel, Machine Learning, SQL",3,Business Intelligence,Indeed,35000,2025-04-23 22:44:00,https://www.linkedin.com/in/nimra-malik295,4,0.2
INT-10840,Iqra Bhatti,iqra.bhatti840@outlook.com,03441571195,22,Male,Lahore,Punjab,BS Computer Science,Bahria University,2.58,"SQL, Git, Tableau",13,Marketing,University Portal,29000,2025-03-26 00:24:00,https://www.linkedin.com/in/iqra-bhatti840,3,1.1
INT-10663,Mahnoor Chandio,mahnoor.chandio663@outlook.com,03013684928,25,Female,Sukkur,Sindh,BBA,University of Sindh,2.82,"Machine Learning, Python, Statistics, Html, Css, Power BI, Git",7,Software Development,Referral,38000,2025-04-10 15:04:00,https://www.linkedin.com/in/mahnoor-chandio663,7,0.6
INT-10728,Noor Ahmed,noor.ahmed728@outlook.com,03179980412,25,Female,Rawalpindi,Punjab,BS Data Science,IBA Karachi,3.61,"Git, Statistics, Tableau, Excel",15,Data Analytics,Direct,29000,2025-03-04 00:06:00,https://www.linkedin.com/in/noor-ahmed728,4,1.2
INT-10167,Hamza Rajput,hamza.rajput167@gmail.com,03492454796,33,Female,Multan,Punjab,BS Software Engineering,Bahria University,3.06,"Statistics, Git, Machine Learning, Python",26,Data Analytics,Internee.pk,42000,2025-03-12 11:23:00,https://www.linkedin.com/in/hamza-rajput167,4,2.2
INT-10101,Saad Ahmed,saad.ahmed101@yahoo.com,03026189620,26,Male,Islamabad,Islamabad Capital Territory,BBA,Mehran University,3.75,"Excel, Html, Css, Python, Tableau, Statistics, Data Visualization",10,Data Analytics,Internee.pk,49000,2025-04-24 22:08:00,https://www.linkedin.com/in/saad-ahmed101,7,0.8
INT-10339,Muhammad Ahmed,muhammad.ahmed339@gmail.com,03031468510,23,Female,Gujranwala,Punjab,BS Data Science,Shah Abdul Latif University,3.58,"Power BI, Tableau, Communication",9,Finance,LinkedIn,16000,2025-03-01 16:02:00,https://www.linkedin.com/in/muhammad-ahmed339,3,0.8
INT-10655,Danish Jatoi,danish.jatoi655@icloud.com,03305262243,25,Male,Hyderabad,Sindh,BS Data Science,University of Karachi,3.37,"SQL, Communication, Pandas, Power BI, Html, Css",2,Product,Referral,39000,2025-04-27 07:43:00,https://www.linkedin.com/in/danish-jatoi655,6,0.2
INT-10741,Mariam Mirza,mariam.mirza741@gmail.com,03297009228,25,Male,Khairpur,Sindh,BS Information Technology,Bahria University,3.29,"Communication, Python, Tableau",6,Data Analytics,Direct,25000,2025-03-16 23:02:00,https://www.linkedin.com/in/mariam-mirza741,3,0.5
INT-10519,Zara Mirza,zara.mirza519@icloud.com,03329124652,24,Male,Islamabad,Islamabad Capital Territory,BS Information Technology,FAST NUCES,3.4,"SQL, Python, Communication",10,Marketing,Internee.pk,47000,2025-04-22 07:21:00,https://www.linkedin.com/in/zara-mirza519,3,0.8
INT-10500,Talha Mirza,talha.mirza500@gmail.com,03402522416,22,Female,Faisalabad,Punjab,BS Statistics,University of Sindh,3.09,"Power BI, Data Visualization, Excel",6,Software Development,Direct,35000,2025-03-24 18:04:00,https://www.linkedin.com/in/talha-mirza500,3,0.5
INT-10275,Areeba Abbasi,areeba.abbasi275@outlook.com,03314691294,21,Male,Gujranwala,Punjab,BS Economics,Shah Abdul Latif University,3.2,"Statistics, Python, Machine Learning, Excel",8,Data Analytics,Indeed,27000,2025-03-14 20:59:00,https://www.linkedin.com/in/areeba-abbasi275,4,0.7
INT-20026,Sana Bhatti,sana.bhatti173@yahoo.com,03328747644,25,Male,Faisalabad,Punjab,BS Software Engineering,Bahria University,2.36,"Html, Css, Communication, Data Visualization, SQL, Python, Statistics",10,Data Analytics,Referral,19000,2025-04-18 14:34:00,https://www.linkedin.com/in/sana-bhatti173,7,0.8
INT-10089,Hussain Malik,hussain.malik89@icloud.com,03243839336,18,Male,Faisalabad,Punjab,BS Information Technology,Bahria University,2.6,"Python, Machine Learning, Git, Excel",8,Human Resources,University Portal,20000,2025-03-10 07:18:00,https://www.linkedin.com/in/hussain-malik89,4,0.7
INT-10685,Talha Abbasi,talha.abbasi685@yahoo.com,03076821521,27,Male,Gujranwala,Punjab,BS Information Technology,Punjab University,2.48,"Communication, Data Visualization, Tableau, Pandas, Statistics, SQL",25,Software Development,Referral,30000,2025-03-19 23:27:00,https://www.linkedin.com/in/talha-abbasi685,6,2.1
INT-10002,Fatima Rind,fatima.rind2@gmail.com,03064632718,27,Male,Multan,Punjab,BBA,NUST,3.27,"Communication, Statistics, Power BI, Data Visualization, Pandas, Git",6,Product,Internee.pk,29000,2025-03-31 19:03:00,https://www.linkedin.com/in/fatima-rind2,6,0.5
INT-10194,Laiba Syed,laiba.syed194@gmail.com,03073746136,24,Male,Islamabad,Islamabad Capital Territory,BS Software Engineering,University of Karachi,3.09,"Communication, Machine Learning, Tableau, SQL, Statistics",2,Data Analytics,Referral,31000,2025-04-20 08:06:00,https://www.linkedin.com/in/laiba-syed194,5,0.2
INT-10717,Mahnoor Baloch,mahnoor.baloch717@outlook.com,03185949578,28,Female,Sukkur,Sindh,BS Information Technology,University of Sindh,2.6,"Html, Css, Statistics, Python, SQL, Communication, Git",11,Data Analytics,Direct,33000,2025-03-06 04:57:00,https://www.linkedin.com/in/mahnoor-baloch717,7,0.9
INT-10019,Muhammad Syed,muhammad.syed19@outlook.com,03128748739,24,Female,Lahore,Punjab,BS Computer Science,FAST NUCES,2.74,"Data Visualization, Pandas, Html, Css, SQL",23,Product,Internee.pk,10000,2025-04-04 03:59:00,https://www.linkedin.com/in/muhammad-syed19,5,1.9
INT-10265,Sana Shah,sana.shah265@gmail.com,03338853603,25,Male,Rawalpindi,Punjab,BS Computer Science,LUMS,2.41,"Pandas, Data Visualization, Statistics, Machine Learning, Communication",9,Business Intelligence,University Portal,24000,2025-03-30 06:56:00,https://www.linkedin.com/in/sana-shah265,5,0.8
INT-20009,Saad Ahmed,saad.ahmed293@icloud.com,03376218583,21,Male,Faisalabad,Punjab,BS Information Technology,NUST,2.61,"Machine Learning, Git, SQL, Tableau, Pandas, Excel",20,Software Development,Indeed,43000,2025-03-14 09:35:00,https://www.linkedin.com/in/saad-ahmed293,6,1.7
INT-10047,Hamza Ali,hamza.ali47@yahoo.com,03120414714,18,Male,Sukkur,Sindh,BBA,IBA Karachi,2.91,"Html, Css, Excel, Statistics, Data Visualization",39,Data Analytics,Internee.pk,42000,2025-04-13 06:43:00,https://www.linkedin.com/in/hamza-ali47,5,3.2
INT-10021,Talha Siddiqui,talha.siddiqui21@outlook.com,03261067264,23,Male,Nawabshah,Sindh,BS Software Engineering,FAST NUCES,2.97,"Html, Css, Data Visualization, Tableau",20,Human Resources,Indeed,41000,2025-04-01 10:22:00,https://www.linkedin.com/in/talha-siddiqui21,4,1.7
INT-10219,Farhan Ahmed,farhan.ahmed219@yahoo.com,03421381430,25,Male,Islamabad,Islamabad Capital Territory,BS Information Technology,University of Sindh,2.94,"Power BI, Machine Learning, Excel, Html, Css, Python, Statistics",4,Marketing,Referral,42000,2025-03-22 09:14:00,https://www.linkedin.com/in/farhan-ahmed219,7,0.3
INT-10155,Hamza Memon,hamza.memon155@gmail.com,03098208152,29,Male,Nawabshah,Sindh,BS Computer Science,Shah Abdul Latif University,2.75,"Data Visualization, Git, Power BI, Python",13,Data Analytics,Internee.pk,23000,2025-04-08 08:19:00,https://www.linkedin.com/in/hamza-memon155,4,1.1
INT-10451,Rida Ansari,rida.ansari451@icloud.com,Not Provided,26,Male,Khairpur,Sindh,BS Information Technology,Bahria University,3.44,"Html, Css, Data Visualization, Machine Learning",4,Human Resources,University Portal,10000,2025-03-24 18:59:00,https://www.linkedin.com/in/rida-ansari451,4,0.3
INT-10268,Muhammad Rajput,muhammad.rajput268@gmail.com,03411666085,29,Female,Gujranwala,Punjab,BS Statistics,Bahria University,2.26,"Data Visualization, Python, SQL",15,Software Development,Direct,61000,2025-04-10 20:17:00,https://www.linkedin.com/in/muhammad-rajput268,3,1.2
INT-10271,Muhammad Ahmed,muhammad.ahmed271@gmail.com,03399576920,27,Male,Gujranwala,Punjab,BS Economics,Shah Abdul Latif University,3.01,"Machine Learning, Python, Data Visualization, Tableau, Git",6,Business Intelligence,LinkedIn,32000,2025-03-29 18:04:00,https://www.linkedin.com/in/muhammad-ahmed271,5,0.5
INT-10116,Eman Soomro,eman.soomro116@icloud.com,03223174748,24,Male,Quetta,Balochistan,BS Computer Science,NED University,2.77,"Excel, Tableau",15,Business Intelligence,Indeed,41000,2025-04-26 22:28:00,https://www.linkedin.com/in/eman-soomro116,2,1.2
INT-10073,Shayan Mirza,shayan.mirza73@icloud.com,03326509569,27,Male,Larkana,Sindh,BS Information Technology,University of Karachi,2.6,"Git, Pandas, Machine Learning",13,Software Development,Indeed,25000,2025-03-25 11:14:00,https://www.linkedin.com/in/shayan-mirza73,3,1.1
INT-10512,Hamza Ahmed,hamza.ahmed512@icloud.com,03468829352,24,Female,Islamabad,Islamabad Capital Territory,BS Information Technology,IBA Karachi,3.3,"SQL, Machine Learning, Statistics, Git, Html, Css, Communication",5,Data Analytics,Indeed,54000,2025-04-05 15:02:00,https://www.linkedin.com/in/hamza-ahmed512,7,0.4
INT-10079,Talha Chandio,talha.chandio79@gmail.com,03450332158,20,Male,Khairpur,Sindh,BS Computer Science,University of Sindh,3.04,"Git, Excel, Python, Power BI",14,Business Intelligence,University Portal,42000,2025-04-27 16:30:00,https://www.linkedin.com/in/talha-chandio79,4,1.2
INT-10410,Usman Baloch,usman.baloch410@icloud.com,03253545423,19,Male,Gujranwala,Punjab,BS Information Technology,LUMS,3.37,"SQL, Pandas, Git",14,Marketing,Direct,24000,2025-04-06 21:54:00,https://www.linkedin.com/in/usman-baloch410,3,1.2
INT-10579,Sidra Khan,sidra.khan579@yahoo.com,03080899899,22,Male,Multan,Punjab,BBA,NUST,3.19,"Tableau, Pandas, Data Visualization, Power BI",11,Data Analytics,Direct,10000,2025-04-06 15:25:00,https://www.linkedin.com/in/sidra-khan579,4,0.9
INT-10471,Saad Ahmed,saad.ahmed471@icloud.com,03183063075,25,Male,Quetta,Balochistan,BS Information Technology,NED University,3.74,"Machine Learning, Communication, Data Visualization",6,Software Development,Internee.pk,22000,2025-04-21 14:27:00,https://www.linkedin.com/in/saad-ahmed471,3,0.5
INT-10497,Saad Syed,saad.syed497@outlook.com,03116045911,27,Female,Hyderabad,Sindh,BS Information Technology,IBA Karachi,3.14,"Pandas, Git, Excel, Tableau, Machine Learning",9,Software Development,Referral,38000,2025-04-21 17:17:00,https://www.linkedin.com/in/saad-syed497,5,0.8
INT-10121,Usman Jatoi,usman.jatoi121@outlook.com,03389152869,22,Prefer not to say,Khairpur,Sindh,BS Data Science,NED University,3.05,"Excel, Pandas, Git, Data Visualization, Communication, Machine Learning",27,Data Analytics,Indeed,35000,2025-04-24 16:04:00,https://www.linkedin.com/in/usman-jatoi121,6,2.2
INT-10582,Usman Abbasi,usman.abbasi582@yahoo.com,03182918827,21,Male,Islamabad,Islamabad Capital Territory,BBA,University of Karachi,3.42,"Power BI, Machine Learning",6,Finance,University Portal,37000,2025-03-18 20:23:00,https://www.linkedin.com/in/usman-abbasi582,2,0.5
INT-10072,Mahnoor Malik,mahnoor.malik72@icloud.com,03326510851,33,Male,Peshawar,Khyber Pakhtunkhwa,BS Computer Science,Mehran University,3.14,"Excel, Communication",2,Data Analytics,Indeed,30000,2025-04-20 18:08:00,https://www.linkedin.com/in/mahnoor-malik72,2,0.2
INT-10745,Rida Khan,rida.khan745@yahoo.com,03362069417,23,Male,Nawabshah,Sindh,BS Computer Science,Shah Abdul Latif University,3.28,"Tableau, Python, Machine Learning, Statistics",5,Business Intelligence,Referral,41000,2025-04-01 05:06:00,https://www.linkedin.com/in/rida-khan745,4,0.4
INT-10007,Hira Baloch,hira.baloch7@outlook.com,03402167641,25,Female,Lahore,Punjab,BS Statistics,Mehran University,3.01,"Machine Learning, Power BI",3,Business Intelligence,University Portal,41000,2025-04-02 11:03:00,https://www.linkedin.com/in/hira-baloch7,2,0.2
INT-10455,Talha Qureshi,talha.qureshi455@outlook.com,03381415023,22,Male,Karachi,Sindh,BBA,IBA Karachi,3.21,"Tableau, Python, Machine Learning, Excel, Pandas",6,Software Development,Direct,45000,2025-03-11 02:32:00,https://www.linkedin.com/in/talha-qureshi455,5,0.5
INT-10272,Ali Rajput,ali.rajput272@icloud.com,03149106364,28,Male,Gujranwala,Punjab,BS Information Technology,IBA Karachi,3.38,"Git, Machine Learning, Data Visualization, Python",9,Data Analytics,Indeed,23000,2025-04-03 22:21:00,https://www.linkedin.com/in/ali-rajput272,4,0.8
INT-10760,Mariam Ali,mariam.ali760@icloud.com,03071311273,25,Male,Quetta,Balochistan,BS Computer Science,NUST,2.54,"Machine Learning, Tableau, SQL",11,Data Analytics,LinkedIn,61000,2025-03-23 06:15:00,https://www.linkedin.com/in/mariam-ali760,3,0.9
INT-10448,Usman Malik,usman.malik448@outlook.com,03388900388,28,Female,Sukkur,Sindh,BS Information Technology,NED University,2.67,"Pandas, Html, Css, Power BI, Machine Learning, Excel",4,Marketing,University Portal,26000,2025-04-19 09:51:00,https://www.linkedin.com/in/usman-malik448,6,0.3
INT-10748,Noor Malik,noor.malik748@outlook.com,03124953434,27,Female,Islamabad,Islamabad Capital Territory,BS Computer Science,IBA Karachi,3.78,"Machine Learning, Html, Css, Pandas",14,Product,LinkedIn,36000,2025-04-27 21:45:00,https://www.linkedin.com/in/noor-malik748,4,1.2
INT-10224,Danish Shaikh,danish.shaikh224@yahoo.com,03204614773,28,Male,Hyderabad,Sindh,BS Data Science,Punjab University,2.08,"Communication, Excel, Python",5,Data Analytics,LinkedIn,40000,2025-04-15 17:27:00,https://www.linkedin.com/in/danish-shaikh224,3,0.4
INT-10764,Sajid Khan,sajid.khan764@outlook.com,03266153145,23,Male,Multan,Punjab,BS Information Technology,LUMS,2.59,"Tableau, SQL",29,Product,Internee.pk,25000,2025-03-12 15:49:00,https://www.linkedin.com/in/sajid-khan764,2,2.4
INT-10304,Muhammad Memon,muhammad.memon304@outlook.com,03495226912,20,Female,Quetta,Balochistan,BS Information Technology,Shah Abdul Latif University,2.62,"Tableau, Machine Learning, Git, Data Visualization",19,Software Development,Indeed,31000,2025-03-25 01:10:00,https://www.linkedin.com/in/muhammad-memon304,4,1.6
INT-10199,Eman Siddiqui,eman.siddiqui199@outlook.com,03216250384,27,Female,Nawabshah,Sindh,BS Software Engineering,University of Karachi,3.25,"Excel, Tableau, Communication, Data Visualization",22,Data Analytics,Indeed,33000,2025-04-25 07:02:00,https://www.linkedin.com/in/eman-siddiqui199,4,1.8
INT-10316,Ahsan Chandio,ahsan.chandio316@yahoo.com,Not Provided,24,Male,Quetta,Balochistan,BS Data Science,LUMS,2.75,"Pandas, Git, SQL",18,Software Development,Internee.pk,22000,2025-04-18 07:36:00,https://www.linkedin.com/in/ahsan-chandio316,3,1.5
INT-10433,Usman Mirza,usman.mirza433@yahoo.com,03065853730,23,Male,Multan,Punjab,BS Information Technology,LUMS,2.93,"Machine Learning, Statistics, Python",17,Business Intelligence,Indeed,48000,2025-04-01 01:09:00,https://www.linkedin.com/in/usman-mirza433,3,1.4
INT-10045,Hussain Ansari,hussain.ansari45@gmail.com,03449575635,23,Female,Faisalabad,Punjab,BS Software Engineering,COMSATS University,2.97,"Excel, Tableau",8,Data Analytics,Direct,18000,2025-03-20 16:48:00,https://www.linkedin.com/in/hussain-ansari45,2,0.7
INT-10092,Saad Chandio,saad.chandio92@yahoo.com,03185280536,26,Female,Lahore,Punjab,BS Computer Science,Mehran University,2.98,"Excel, Machine Learning, Html, Css, Statistics",15,Data Analytics,University Portal,23000,2025-04-14 08:37:00,https://www.linkedin.com/in/saad-chandio92,5,1.2
INT-10464,Hira Siddiqui,hira.siddiqui464@outlook.com,03321698262,21,Male,Multan,Punjab,BS Statistics,Mehran University,3.0,"Power BI, Statistics, Excel, Communication",5,Human Resources,LinkedIn,31000,2025-03-12 23:40:00,https://www.linkedin.com/in/hira-siddiqui464,4,0.4
INT-10226,Danish Rajput,danish.rajput226@icloud.com,03181079868,27,Male,Mardan,Khyber Pakhtunkhwa,BS Computer Science,NED University,3.13,"Tableau, Data Visualization, Excel",3,Data Analytics,University Portal,38000,2025-03-23 10:45:00,Not Provided,3,0.2
INT-10012,Laiba Ansari,laiba.ansari12@yahoo.com,03110019704,26,Male,Khairpur,Sindh,BS Computer Science,Punjab University,3.52,"Communication, Machine Learning, Tableau, Power BI, Statistics",17,Data Analytics,University Portal,28000,2025-04-17 13:41:00,https://www.linkedin.com/in/laiba-ansari12,5,1.4
INT-10389,Hira Bhatti,hira.bhatti389@outlook.com,03044973773,22,Female,Hyderabad,Sindh,BS Information Technology,LUMS,2.86,"Power BI, Git, Python, Machine Learning",4,Data Analytics,LinkedIn,28000,2025-04-02 19:42:00,https://www.linkedin.com/in/hira-bhatti389,4,0.3
INT-10010,Mahnoor Siddiqui,mahnoor.siddiqui10@yahoo.com,03382101422,28,Female,Peshawar,Khyber Pakhtunkhwa,BS Data Science,COMSATS University,3.25,"Git, Pandas, Machine Learning, Communication",8,Business Intelligence,Internee.pk,37000,2025-03-17 10:06:00,https://www.linkedin.com/in/mahnoor-siddiqui10,4,0.7
INT-10775,Bilal Ansari,bilal.ansari775@yahoo.com,03272232995,20,Female,Islamabad,Islamabad Capital Territory,BS Computer Science,NED University,3.98,"Power BI, Statistics, Python, Pandas, Tableau, Git",13,Product,LinkedIn,22000,2025-03-13 15:58:00,https://www.linkedin.com/in/bilal-ansari775,6,1.1
INT-10714,Fatima Shaikh,fatima.shaikh714@outlook.com,03021786958,27,Male,Sukkur,Sindh,BBA,COMSATS University,3.09,"Communication, Python",5,Data Analytics,Indeed,45000,2025-04-19 02:10:00,https://www.linkedin.com/in/fatima-shaikh714,2,0.4
INT-10388,Iqra Shah,iqra.shah388@icloud.com,03189596028,20,Male,Faisalabad,Punjab,BS Data Science,NED University,3.09,"SQL, Machine Learning",19,Finance,LinkedIn,16000,2025-04-26 23:37:00,https://www.linkedin.com/in/iqra-shah388,2,1.6
INT-10612,Noor Khan,noor.khan612@outlook.com,03441458922,20,Male,Sukkur,Sindh,BS Computer Science,Punjab University,3.29,"Data Visualization, Statistics, Excel",26,Data Analytics,Internee.pk,31000,2025-04-28 04:46:00,https://www.linkedin.com/in/noor-khan612,3,2.2
INT-10197,Bilal Malik,bilal.malik197@yahoo.com,03008198539,22,Female,Sukkur,Sindh,BS Information Technology,University of Sindh,2.63,"Tableau, Excel",13,Data Analytics,Direct,55000,2025-03-30 08:55:00,https://www.linkedin.com/in/bilal-malik197,2,1.1
INT-10373,Nimra Baloch,nimra.baloch373@icloud.com,03225735590,28,Female,Hyderabad,Sindh,BS Data Science,Punjab University,3.54,"Pandas, Statistics, Python",15,Business Intelligence,Direct,15000,2025-03-26 17:26:00,https://www.linkedin.com/in/nimra-baloch373,3,1.2
INT-10810,Nimra Mirza,nimra.mirza810@gmail.com,03120271469,21,Female,Hyderabad,Sindh,BS Statistics,IBA Karachi,3.19,"Python, Excel",10,Business Intelligence,Indeed,46000,2025-03-30 04:50:00,https://www.linkedin.com/in/nimra-mirza810,2,0.8
INT-10805,Bilal Syed,bilal.syed805@outlook.com,03214213073,24,Male,Peshawar,Khyber Pakhtunkhwa,BBA,LUMS,3.43,"Statistics, Pandas",23,Product,Internee.pk,16000,2025-03-29 08:40:00,https://www.linkedin.com/in/bilal-syed805,2,1.9
INT-10459,Iqra Syed,iqra.syed459@gmail.com,03440990984,19,Female,Islamabad,Islamabad Capital Territory,BS Software Engineering,University of Karachi,3.69,"Communication, Statistics, Html, Css, Tableau, Data Visualization",9,Marketing,Internee.pk,47000,2025-04-05 14:31:00,https://www.linkedin.com/in/iqra-syed459,6,0.8
INT-10638,Noor Memon,noor.memon638@gmail.com,03065894114,27,Female,Hyderabad,Sindh,BS Economics,Bahria University,2.35,"Git, Machine Learning, Statistics, Python, Communication",2,Product,Referral,51000,2025-03-05 05:32:00,https://www.linkedin.com/in/noor-memon638,5,0.2
INT-10332,Nimra Bhatti,nimra.bhatti332@yahoo.com,03196914583,25,Female,Multan,Punjab,BBA,LUMS,3.16,"SQL, Statistics",2,Software Development,Referral,25000,2025-03-09 21:31:00,https://www.linkedin.com/in/nimra-bhatti332,2,0.2
INT-10386,Talha Shaikh,talha.shaikh386@outlook.com,03088810279,30,Male,Abbottabad,Khyber Pakhtunkhwa,BS Statistics,Shah Abdul Latif University,2.69,"Html, Css, Power BI, Tableau, Communication",4,Data Analytics,Internee.pk,25000,2025-04-29 23:31:00,https://www.linkedin.com/in/talha-shaikh386,5,0.3
INT-10090,Ali Soomro,ali.soomro90@gmail.com,03193824891,24,Male,Sukkur,Sindh,BS Data Science,Punjab University,3.52,"Python, Statistics, Html, Css, Tableau",11,Data Analytics,Direct,11000,2025-03-07 09:47:00,https://www.linkedin.com/in/ali-soomro90,5,0.9
INT-10771,Muhammad Malik,muhammad.malik771@yahoo.com,03157122450,30,Male,Hyderabad,Sindh,BS Information Technology,Punjab University,2.86,"Power BI, Tableau",6,Data Analytics,Internee.pk,11000,2025-04-27 05:41:00,https://www.linkedin.com/in/muhammad-malik771,2,0.5
INT-10773,Mariam Shaikh,mariam.shaikh773@yahoo.com,03097403205,26,Female,Karachi,Sindh,BS Computer Science,Bahria University,3.16,"Pandas, Statistics, Tableau, SQL, Html, Css, Excel",13,Data Analytics,Indeed,13000,2025-03-04 22:19:00,https://www.linkedin.com/in/mariam-shaikh773,7,1.1
INT-10125,Shayan Baloch,shayan.baloch125@outlook.com,03204549883,22,Male,Peshawar,Khyber Pakhtunkhwa,BS Software Engineering,Mehran University,3.57,"Git, Power BI, Statistics, Data Visualization",2,Data Analytics,Referral,28000,2025-03-05 01:43:00,https://www.linkedin.com/in/shayan-baloch125,4,0.2
INT-10076,Iqra Memon,iqra.memon76@outlook.com,03482621310,23,Male,Nawabshah,Sindh,BS Computer Science,Shah Abdul Latif University,3.27,"Html, Css, Power BI, Pandas, Git, Excel",15,Business Intelligence,Indeed,39000,2025-04-20 08:33:00,https://www.linkedin.com/in/iqra-memon76,6,1.2
INT-10114,Ali Soomro,ali.soomro114@gmail.com,03172033190,24,Female,Sukkur,Sindh,BS Software Engineering,NED University,3.38,"Machine Learning, Python, SQL, Tableau, Statistics",20,Data Analytics,University Portal,29000,2025-04-06 18:38:00,https://www.linkedin.com/in/ali-soomro114,5,1.7
INT-10605,Ali Shah,ali.shah605@gmail.com,03248373014,18,Male,Khairpur,Sindh,BS Economics,University of Karachi,2.4,"Excel, Machine Learning",3,Data Analytics,Direct,29000,2025-04-14 09:03:00,https://www.linkedin.com/in/ali-shah605,2,0.2
INT-10134,Talha Ahmed,talha.ahmed134@gmail.com,03002861899,30,Male,Khairpur,Sindh,BS Computer Science,Shah Abdul Latif University,2.12,"Communication, Python, Data Visualization, Power BI, Pandas, Excel",9,Data Analytics,Indeed,37000,2025-03-21 08:10:00,Not Provided,6,0.8
INT-10627,Shayan Ansari,shayan.ansari627@yahoo.com,03276757823,27,Male,Rawalpindi,Punjab,BS Software Engineering,FAST NUCES,4.0,"Data Visualization, Statistics, Communication, Python",3,Human Resources,Direct,22000,2025-04-11 11:31:00,https://www.linkedin.com/in/shayan-ansari627,4,0.2
INT-10755,Zain Baloch,zain.baloch755@gmail.com,03250566670,29,Male,Hyderabad,Sindh,BS Statistics,LUMS,3.3,"Machine Learning, Python",7,Human Resources,University Portal,34000,2025-03-09 11:42:00,https://www.linkedin.com/in/zain-baloch755,2,0.6
INT-10232,Saad Ali,saad.ali232@icloud.com,03346263289,28,Male,Karachi,Sindh,BS Statistics,Not Provided,2.69,"Html, Css, SQL, Communication, Statistics, Git, Power BI",17,Human Resources,Referral,20000,2025-04-21 20:49:00,https://www.linkedin.com/in/saad-ali232,7,1.4
INT-10804,Ahsan Ahmed,ahsan.ahmed804@yahoo.com,03407290660,22,Female,Quetta,Balochistan,BS Information Technology,LUMS,2.73,"Pandas, Python, Git, SQL",10,Business Intelligence,University Portal,21000,2025-03-03 15:21:00,https://www.linkedin.com/in/ahsan-ahmed804,4,0.8
INT-10057,Rida Jatoi,rida.jatoi57@icloud.com,03229310516,22,Female,Multan,Punjab,BS Computer Science,Bahria University,2.83,"Machine Learning, SQL",37,Human Resources,University Portal,28000,2025-03-29 01:11:00,https://www.linkedin.com/in/rida-jatoi57,2,3.1
INT-10431,Hamza Rind,hamza.rind431@outlook.com,03117628523,28,Male,Hyderabad,Sindh,BS Economics,NED University,2.82,"Statistics, Excel, Html, Css, SQL, Pandas, Communication",24,Software Development,Direct,37000,2025-03-24 07:56:00,https://www.linkedin.com/in/hamza-rind431,7,2.0
INT-10217,Sidra Ali,sidra.ali217@outlook.com,03271367764,25,Female,Islamabad,Islamabad Capital Territory,BS Computer Science,Shah Abdul Latif University,3.48,"Tableau, SQL",13,Data Analytics,Referral,39000,2025-04-13 16:46:00,https://www.linkedin.com/in/sidra-ali217,2,1.1
INT-10806,Bilal Baloch,bilal.baloch806@icloud.com,03172416331,25,Female,Mardan,Khyber Pakhtunkhwa,BS Statistics,University of Sindh,3.45,"Machine Learning, Tableau, Python, Communication, SQL",8,Data Analytics,Direct,26000,2025-03-10 02:08:00,https://www.linkedin.com/in/bilal-baloch806,5,0.7
INT-10115,Nimra Baloch,nimra.baloch115@icloud.com,03005853305,25,Female,Quetta,Balochistan,BS Data Science,NUST,2.94,"SQL, Python, Power BI, Data Visualization, Excel",10,Data Analytics,University Portal,14000,2025-04-27 08:35:00,https://www.linkedin.com/in/nimra-baloch115,5,0.8
INT-10813,Danish Khan,danish.khan813@gmail.com,03092556881,32,Male,Quetta,Balochistan,BS Computer Science,NED University,3.84,"Git, Machine Learning, SQL, Python",14,Product,Direct,22000,2025-04-13 09:20:00,https://www.linkedin.com/in/danish-khan813,4,1.2
INT-10129,Laiba Ali,laiba.ali129@outlook.com,Not Provided,24,Male,Lahore,Punjab,BS Economics,Bahria University,3.69,"Excel, Data Visualization, Pandas, Statistics, Python, Communication",7,Software Development,Direct,31000,2025-03-07 12:34:00,https://www.linkedin.com/in/laiba-ali129,6,0.6
INT-10766,Fatima Khan,fatima.khan766@gmail.com,03367747357,24,Female,Sukkur,Sindh,BS Computer Science,University of Karachi,3.25,"Excel, Python",7,Data Analytics,Internee.pk,49000,2025-04-04 15:16:00,https://www.linkedin.com/in/fatima-khan766,2,0.6
INT-10660,Saad Shaikh,saad.shaikh660@gmail.com,03155729071,20,Female,Lahore,Punjab,BS Information Technology,University of Sindh,4.0,"Data Visualization, Html, Css, Git, Power BI, SQL",9,Business Intelligence,LinkedIn,25000,2025-04-07 23:53:00,https://www.linkedin.com/in/saad-shaikh660,6,0.8
INT-10595,Ali Ansari,ali.ansari595@gmail.com,03160458802,21,Male,Hyderabad,Sindh,BS Data Science,Bahria University,2.7,"SQL, Html, Css, Excel, Tableau",23,Software Development,LinkedIn,27000,2025-04-14 09:29:00,https://www.linkedin.com/in/ali-ansari595,5,1.9
INT-10085,Sidra Rajput,sidra.rajput85@gmail.com,03018078307,22,Male,Lahore,Punjab,BS Computer Science,University of Sindh,2.98,"Excel, SQL, Statistics",27,Human Resources,Internee.pk,16000,2025-04-14 11:39:00,https://www.linkedin.com/in/sidra-rajput85,3,2.2
INT-10211,Noor Chandio,noor.chandio211@outlook.com,03363283052,24,Female,Nawabshah,Sindh,BS Software Engineering,FAST NUCES,2.76,"Communication, Pandas, Machine Learning, Statistics, Data Visualization",25,Human Resources,Internee.pk,26000,2025-04-18 23:57:00,https://www.linkedin.com/in/noor-chandio211,5,2.1
INT-10621,Hussain Ansari,hussain.ansari621@outlook.com,03454715673,27,Female,Multan,Punjab,BS Information Technology,Punjab University,3.05,"Tableau, SQL, Statistics, Communication, Python, Html, Css",9,Software Development,Direct,10000,2025-04-01 07:38:00,https://www.linkedin.com/in/hussain-ansari621,7,0.8
INT-10482,Saad Qureshi,saad.qureshi482@gmail.com,03348197225,23,Male,Mardan,Khyber Pakhtunkhwa,BS Software Engineering,NED University,2.46,"Statistics, Tableau, Excel, Data Visualization, Python, SQL",4,Business Intelligence,University Portal,29000,2025-04-18 15:24:00,https://www.linkedin.com/in/saad-qureshi482,6,0.3
INT-10404,Fatima Malik,fatima.malik404@gmail.com,03483685771,27,Female,Peshawar,Khyber Pakhtunkhwa,BS Software Engineering,Punjab University,2.83,"SQL, Html, Css, Tableau, Excel",6,Marketing,Direct,32000,2025-03-04 10:46:00,https://www.linkedin.com/in/fatima-malik404,5,0.5
INT-10681,Rida Rajput,rida.rajput681@gmail.com,03236149330,28,Male,Islamabad,Islamabad Capital Territory,BS Information Technology,University of Karachi,3.1,"Data Visualization, Statistics, Machine Learning, SQL, Pandas",20,Business Intelligence,University Portal,34000,2025-04-30 07:46:00,https://www.linkedin.com/in/rida-rajput681,5,1.7
INT-10798,Muhammad Siddiqui,muhammad.siddiqui798@icloud.com,03122296873,28,Male,Nawabshah,Sindh,BS Computer Science,FAST NUCES,3.01,"Communication, Data Visualization, Power BI",4,Data Analytics,Indeed,13000,2025-03-21 10:15:00,https://www.linkedin.com/in/muhammad-siddiqui798,3,0.3
INT-10379,Zara Jatoi,zara.jatoi379@gmail.com,03486112582,29,Male,Islamabad,Islamabad Capital Territory,BS Software Engineering,IBA Karachi,3.09,"Communication, Data Visualization",7,Business Intelligence,University Portal,41000,2025-03-11 10:50:00,https://www.linkedin.com/in/zara-jatoi379,2,0.6
INT-10705,Zain Rind,zain.rind705@gmail.com,03087400703,25,Female,Sukkur,Sindh,BS Information Technology,Shah Abdul Latif University,2.6,"Machine Learning, Data Visualization, Communication, SQL, Statistics",9,Product,University Portal,13000,2025-04-07 07:48:00,https://www.linkedin.com/in/zain-rind705,5,0.8
INT-10292,Eman Mirza,eman.mirza292@icloud.com,03035313613,21,Male,Khairpur,Sindh,BS Information Technology,NED University,3.1,"Power BI, Machine Learning, Git, Data Visualization, Communication, Excel",7,Data Analytics,Internee.pk,47000,2025-04-10 21:33:00,https://www.linkedin.com/in/eman-mirza292,6,0.6
INT-10407,Zara Siddiqui,zara.siddiqui407@gmail.com,03351855308,22,Male,Rawalpindi,Punjab,BS Information Technology,NUST,2.91,"Pandas, Statistics, Communication, Git, Tableau, Python",6,Product,Internee.pk,30000,2025-04-24 20:51:00,https://www.linkedin.com/in/zara-siddiqui407,6,0.5
INT-10137,Mariam Khan,mariam.khan137@outlook.com,03139031554,24,Female,Lahore,Punjab,BS Economics,FAST NUCES,2.65,"Git, Data Visualization, Power BI, Excel, Statistics",3,Business Intelligence,Direct,48000,2025-04-29 14:37:00,https://www.linkedin.com/in/mariam-khan137,5,0.2
INT-10253,Hamza Rind,hamza.rind253@outlook.com,03357524891,22,Male,Khairpur,Sindh,BBA,Mehran University,2.96,"Html, Css, Statistics",18,Human Resources,Direct,34000,2025-03-18 18:38:00,https://www.linkedin.com/in/hamza-rind253,3,1.5
INT-10417,Iqra Bhatti,iqra.bhatti417@outlook.com,03421860677,27,Male,Multan,Punjab,BBA,LUMS,3.06,"Power BI, Machine Learning",2,Product,University Portal,13000,2025-04-26 08:14:00,https://www.linkedin.com/in/iqra-bhatti417,2,0.2
INT-10738,Danish Shah,danish.shah738@gmail.com,03233095688,21,Male,Faisalabad,Punjab,BS Computer Science,LUMS,3.6,"Tableau, Pandas, Data Visualization, Python, Machine Learning, Html, Css",8,Data Analytics,University Portal,19000,2025-03-02 20:41:00,https://www.linkedin.com/in/danish-shah738,7,0.7
INT-10544,Zara Bhatti,zara.bhatti544@yahoo.com,03387364691,28,Male,Multan,Punjab,BS Computer Science,COMSATS University,3.37,"SQL, Tableau",3,Data Analytics,University Portal,31000,2025-04-14 17:56:00,https://www.linkedin.com/in/zara-bhatti544,2,0.2
INT-10188,Ahsan Shah,ahsan.shah188@yahoo.com,Not Provided,33,Male,Peshawar,Khyber Pakhtunkhwa,BS Data Science,Bahria University,3.03,"Excel, Git",15,Data Analytics,University Portal,32000,2025-04-21 11:51:00,https://www.linkedin.com/in/ahsan-shah188,2,1.2
INT-10480,Nimra Khan,nimra.khan480@icloud.com,03403623254,25,Male,Quetta,Balochistan,BS Computer Science,University of Karachi,3.59,"Excel, Statistics",8,Data Analytics,LinkedIn,35000,2025-04-28 19:02:00,https://www.linkedin.com/in/nimra-khan480,2,0.7
INT-10216,Farhan Syed,farhan.syed216@gmail.com,03156017099,22,Male,Islamabad,Islamabad Capital Territory,BS Software Engineering,FAST NUCES,2.68,"Statistics, Power BI, SQL, Pandas, Python, Git",6,Software Development,Referral,31000,2025-03-12 18:20:00,https://www.linkedin.com/in/farhan-syed216,6,0.5
INT-10742,Laiba Malik,laiba.malik742@gmail.com,03365121407,28,Male,Abbottabad,Khyber Pakhtunkhwa,BBA,Bahria University,3.04,"Pandas, Communication, Power BI, Tableau, Statistics, SQL",13,Marketing,Internee.pk,31000,2025-03-15 15:37:00,https://www.linkedin.com/in/laiba-malik742,6,1.1
INT-10044,Danish Syed,danish.syed44@gmail.com,03422169694,23,Male,Sukkur,Sindh,BS Information Technology,LUMS,2.78,"Python, Git, Power BI, Excel, Data Visualization",10,Finance,LinkedIn,29000,2025-04-09 15:38:00,https://www.linkedin.com/in/danish-syed44,5,0.8
INT-10670,Hamza Rajput,hamza.rajput670@yahoo.com,03043247352,29,Male,Islamabad,Islamabad Capital Territory,BBA,Bahria University,3.05,"Git, Excel, Communication, Data Visualization, Pandas, SQL",10,Data Analytics,Internee.pk,26000,2025-03-28 23:51:00,https://www.linkedin.com/in/hamza-rajput670,6,0.8
INT-10037,Iqra Ali,iqra.ali37@outlook.com,03455372254,32,Male,Khairpur,Sindh,BS Economics,Mehran University,3.62,"SQL, Excel",11,Data Analytics,LinkedIn,20000,2025-04-01 22:39:00,https://www.linkedin.com/in/iqra-ali37,2,0.9
INT-10013,Nimra Syed,nimra.syed13@gmail.com,03441827701,19,Female,Nawabshah,Sindh,BS Information Technology,IBA Karachi,3.21,"SQL, Html, Css, Power BI, Machine Learning",3,Marketing,Indeed,40000,2025-04-13 11:51:00,https://www.linkedin.com/in/nimra-syed13,5,0.2
INT-10716,Ahsan Siddiqui,ahsan.siddiqui716@gmail.com,03026792642,24,Male,Sukkur,Sindh,BS Software Engineering,Punjab University,3.5,"Machine Learning, Pandas, Communication, SQL, Python",11,Finance,LinkedIn,27000,2025-04-27 02:45:00,Not Provided,5,0.9
INT-10438,Ahsan Mirza,ahsan.mirza438@yahoo.com,03456492324,25,Female,Khairpur,Sindh,BS Information Technology,Not Provided,2.66,"Pandas, Html, Css, Data Visualization, Power BI, Python",9,Data Analytics,Referral,31000,2025-04-24 19:22:00,https://www.linkedin.com/in/ahsan-mirza438,6,0.8
INT-10665,Noor Ansari,noor.ansari665@icloud.com,03493820315,21,Male,Larkana,Sindh,BS Information Technology,FAST NUCES,3.0,"Html, Css, Power BI, Communication, Python, Statistics, Tableau",13,Marketing,University Portal,22000,2025-03-30 06:53:00,https://www.linkedin.com/in/noor-ansari665,7,1.1
INT-10461,Ali Ansari,ali.ansari461@yahoo.com,Not Provided,28,Female,Faisalabad,Punjab,BBA,University of Karachi,2.0,"Data Visualization, Tableau, SQL",3,Business Intelligence,Internee.pk,26000,2025-03-21 21:09:00,https://www.linkedin.com/in/ali-ansari461,3,0.2
INT-10015,Mariam Chandio,mariam.chandio15@gmail.com,03427518202,22,Male,Faisalabad,Punjab,BS Information Technology,IBA Karachi,3.31,"Excel, Pandas, Communication, SQL, Python, Data Visualization",15,Data Analytics,LinkedIn,30000,2025-04-05 10:39:00,https://www.linkedin.com/in/mariam-chandio15,6,1.2
INT-10225,Usman Qureshi,usman.qureshi225@yahoo.com,03161273740,27,Female,Khairpur,Sindh,BS Computer Science,Shah Abdul Latif University,2.82,"Pandas, Power BI",12,Finance,Referral,46000,2025-04-14 11:53:00,https://www.linkedin.com/in/usman-qureshi225,2,1.0
INT-10726,Eman Syed,eman.syed726@gmail.com,03095232361,22,Female,Gujranwala,Punjab,BS Information Technology,LUMS,2.52,"Excel, Tableau",19,Marketing,LinkedIn,24000,2025-04-02 17:23:00,https://www.linkedin.com/in/eman-syed726,2,1.6
INT-10142,Farhan Rind,farhan.rind142@yahoo.com,03197761627,26,Male,Multan,Punjab,BS Software Engineering,NUST,2.76,"Statistics, Communication, Data Visualization, SQL",4,Data Analytics,Internee.pk,24000,2025-03-02 01:46:00,https://www.linkedin.com/in/farhan-rind142,4,0.3
INT-10157,Zara Soomro,zara.soomro157@outlook.com,03132633333,28,Female,Larkana,Sindh,BS Computer Science,LUMS,2.5,"Html, Css, Python, Communication, Pandas",6,Data Analytics,LinkedIn,14000,2025-03-15 17:40:00,https://www.linkedin.com/in/zara-soomro157,5,0.5
INT-10615,Nimra Bhatti,nimra.bhatti615@icloud.com,03064425143,31,Male,Nawabshah,Sindh,BS Computer Science,Not Provided,3.51,"Pandas, Statistics, Excel, Data Visualization, Tableau, Machine Learning",2,Product,Internee.pk,24000,2025-04-13 03:54:00,https://www.linkedin.com/in/nimra-bhatti615,6,0.2
INT-10841,Sajid Khan,sajid.khan841@icloud.com,03448562539,25,Female,Multan,Punjab,BS Economics,NED University,2.98,"Html, Css, Data Visualization, Tableau, SQL",10,Finance,LinkedIn,37000,2025-04-21 02:34:00,https://www.linkedin.com/in/sajid-khan841,5,0.8
INT-10170,Sajid Mirza,sajid.mirza170@yahoo.com,03046232729,27,Male,Gujranwala,Punjab,BS Information Technology,IBA Karachi,2.32,"Excel, Data Visualization, Machine Learning",12,Data Analytics,Indeed,39000,2025-04-27 14:29:00,https://www.linkedin.com/in/sajid-mirza170,3,1.0
INT-10345,Shayan Ahmed,shayan.ahmed345@gmail.com,03262822580,27,Male,Nawabshah,Sindh,BS Information Technology,COMSATS University,3.07,"Tableau, Pandas, Git, Python",17,Finance,LinkedIn,24000,2025-04-19 04:10:00,https://www.linkedin.com/in/shayan-ahmed345,4,1.4
INT-10058,Zain Syed,zain.syed58@yahoo.com,03035811849,26,Male,Larkana,Sindh,BS Computer Science,University of Karachi,2.7,"Communication, Git, Machine Learning, SQL, Data Visualization",9,Business Intelligence,University Portal,29000,2025-04-13 13:26:00,https://www.linkedin.com/in/zain-syed58,5,0.8
INT-10036,Sajid Mirza,sajid.mirza36@gmail.com,03124742197,19,Female,Larkana,Sindh,BBA,University of Karachi,3.32,"Excel, Machine Learning",5,Data Analytics,Referral,26000,2025-03-05 17:31:00,https://www.linkedin.com/in/sajid-mirza36,2,0.4
INT-10228,Ali Siddiqui,ali.siddiqui228@icloud.com,03337339224,20,Female,Rawalpindi,Punjab,BS Statistics,Shah Abdul Latif University,3.2,"Tableau, Machine Learning, Communication, Html, Css, Excel",2,Software Development,Referral,40000,2025-04-10 22:06:00,https://www.linkedin.com/in/ali-siddiqui228,6,0.2
INT-10778,Mariam Shah,mariam.shah778@outlook.com,03075743040,18,Male,Khairpur,Sindh,BBA,Punjab University,2.99,"Tableau, Power BI, Statistics, Pandas",9,Software Development,Referral,23000,2025-03-21 04:35:00,https://www.linkedin.com/in/mariam-shah778,4,0.8
INT-10049,Mariam Qureshi,mariam.qureshi49@outlook.com,03254637314,25,Male,Karachi,Sindh,BS Computer Science,Shah Abdul Latif University,3.1,"Html, Css, SQL, Excel",14,Business Intelligence,University Portal,10000,2025-04-27 10:33:00,https://www.linkedin.com/in/mariam-qureshi49,4,1.2
INT-10591,Yasir Jatoi,yasir.jatoi591@yahoo.com,03484059237,26,Female,Hyderabad,Sindh,BS Software Engineering,NED University,3.27,"Pandas, Tableau",6,Product,University Portal,31000,2025-04-04 04:27:00,https://www.linkedin.com/in/yasir-jatoi591,2,0.5
INT-10492,Saad Memon,saad.memon492@yahoo.com,03162790693,23,Female,Faisalabad,Punjab,BS Information Technology,FAST NUCES,2.45,"Excel, Pandas, Communication",7,Data Analytics,LinkedIn,34000,2025-04-21 14:51:00,https://www.linkedin.com/in/saad-memon492,3,0.6
INT-10248,Sajid Shaikh,sajid.shaikh248@icloud.com,03008331105,25,Male,Larkana,Sindh,BS Software Engineering,LUMS,2.45,"Machine Learning, Statistics",12,Product,Referral,29000,2025-03-14 23:50:00,https://www.linkedin.com/in/sajid-shaikh248,2,1.0
INT-10567,Bilal Shah,bilal.shah567@icloud.com,03397418013,25,Male,Hyderabad,Sindh,BS Computer Science,Mehran University,2.48,"Machine Learning, Pandas, Power BI, Excel",10,Software Development,Indeed,36000,2025-04-05 06:04:00,https://www.linkedin.com/in/bilal-shah567,4,0.8
INT-10400,Eman Ali,eman.ali400@gmail.com,03118355958,25,Male,Faisalabad,Punjab,BS Statistics,University of Karachi,2.46,"Pandas, Html, Css, SQL, Machine Learning, Power BI",2,Data Analytics,Referral,30000,2025-03-19 10:57:00,https://www.linkedin.com/in/eman-ali400,6,0.2
INT-10279,Mariam Shah,mariam.shah279@gmail.com,03036346504,26,Male,Rawalpindi,Punjab,BBA,Bahria University,2.89,"Excel, Pandas, Git, Python",6,Marketing,University Portal,23000,2025-03-24 12:28:00,https://www.linkedin.com/in/mariam-shah279,4,0.5
INT-10237,Nimra Ali,nimra.ali237@icloud.com,03241886770,21,Male,Quetta,Balochistan,BS Information Technology,Punjab University,2.77,"Statistics, Html, Css, Machine Learning, Data Visualization, Git, Excel",3,Human Resources,University Portal,25000,2025-03-23 03:21:00,https://www.linkedin.com/in/nimra-ali237,7,0.2
INT-10390,Ahsan Khan,ahsan.khan390@icloud.com,03384175110,20,Male,Islamabad,Islamabad Capital Territory,BS Computer Science,Not Provided,4.0,"Communication, Data Visualization, Pandas, Git, Python",6,Business Intelligence,Referral,51000,2025-03-18 04:17:00,https://www.linkedin.com/in/ahsan-khan390,5,0.5
INT-10198,Areeba Soomro,areeba.soomro198@yahoo.com,03019957855,27,Male,Hyderabad,Sindh,BS Information Technology,IBA Karachi,2.94,"Data Visualization, Machine Learning, Communication, Html, Css, Pandas",23,Product,LinkedIn,34000,2025-04-27 18:59:00,https://www.linkedin.com/in/areeba-soomro198,6,1.9
INT-10367,Ahsan Chandio,ahsan.chandio367@yahoo.com,03463976207,24,Male,Larkana,Sindh,BS Statistics,Punjab University,3.34,"Power BI, Git, Tableau, Statistics",12,Data Analytics,Indeed,34000,2025-03-17 18:01:00,https://www.linkedin.com/in/ahsan-chandio367,4,1.0
INT-10086,Ahsan Qureshi,ahsan.qureshi86@gmail.com,03000541165,20,Female,Khairpur,Sindh,BS Economics,NUST,3.36,"Statistics, Git, Html, Css, Data Visualization, Communication, Python",1,Data Analytics,LinkedIn,34000,2025-04-20 17:08:00,https://www.linkedin.com/in/ahsan-qureshi86,7,0.1
INT-10351,Fatima Shaikh,fatima.shaikh351@yahoo.com,03067942835,21,Male,Faisalabad,Punjab,BS Computer Science,LUMS,2.45,"Machine Learning, Python",15,Business Intelligence,University Portal,31000,2025-04-25 02:09:00,https://www.linkedin.com/in/fatima-shaikh351,2,1.2
INT-10337,Sana Ansari,sana.ansari337@yahoo.com,03062523067,24,Female,Karachi,Sindh,BS Computer Science,LUMS,3.16,"Pandas, SQL, Statistics, Tableau",24,Product,Indeed,33000,2025-03-16 10:49:00,Not Provided,4,2.0
INT-10644,Sidra Jatoi,sidra.jatoi644@outlook.com,Not Provided,25,Female,Lahore,Punjab,BS Information Technology,Punjab University,2.14,"Html, Css, Machine Learning, Git",3,Human Resources,University Portal,10000,2025-03-27 19:21:00,https://www.linkedin.com/in/sidra-jatoi644,4,0.2
INT-10530,Hussain Khan,hussain.khan530@gmail.com,03048143086,22,Male,Larkana,Sindh,BS Economics,Bahria University,3.44,"SQL, Machine Learning, Data Visualization, Html, Css, Git, Python",9,Data Analytics,University Portal,31000,2025-04-19 00:49:00,https://www.linkedin.com/in/hussain-khan530,7,0.8
INT-10273,Noor Ahmed,noor.ahmed273@yahoo.com,03009401305,23,Female,Islamabad,Islamabad Capital Territory,BS Computer Science,Punjab University,3.76,"Power BI, Excel, Git, Python, Pandas, SQL",4,Business Intelligence,LinkedIn,23000,2025-03-02 13:26:00,https://www.linkedin.com/in/noor-ahmed273,6,0.3
INT-10352,Bilal Mirza,bilal.mirza352@outlook.com,03277609699,28,Female,Lahore,Punjab,BS Information Technology,Bahria University,2.94,"Communication, Statistics, Tableau, SQL",10,Business Intelligence,Internee.pk,38000,2025-04-29 16:32:00,https://www.linkedin.com/in/bilal-mirza352,4,0.8
INT-10575,Farhan Ali,farhan.ali575@gmail.com,03179918647,23,Female,Peshawar,Khyber Pakhtunkhwa,BS Statistics,University of Karachi,2.88,"Statistics, Communication, Html, Css, Python, Excel, SQL",2,Product,Direct,60000,2025-03-14 13:45:00,https://www.linkedin.com/in/farhan-ali575,7,0.2
INT-10303,Hussain Siddiqui,hussain.siddiqui303@gmail.com,03101521377,27,Female,Larkana,Sindh,BS Statistics,Punjab University,2.85,"Html, Css, Tableau, Excel, Statistics, Communication",21,Human Resources,Direct,39000,2025-04-01 17:40:00,https://www.linkedin.com/in/hussain-siddiqui303,6,1.8
INT-10452,Rida Shah,rida.shah452@outlook.com,03225143185,23,Female,Nawabshah,Sindh,BS Information Technology,FAST NUCES,3.87,"Communication, Git, Html, Css, Pandas, Power BI",24,Product,LinkedIn,23000,2025-04-28 04:42:00,https://www.linkedin.com/in/rida-shah452,6,2.0
INT-10792,Fatima Abbasi,fatima.abbasi792@outlook.com,03106440726,25,Male,Hyderabad,Sindh,BBA,Bahria University,3.42,"Pandas, Html, Css, Power BI, Machine Learning",4,Data Analytics,Indeed,29000,2025-03-07 19:30:00,https://www.linkedin.com/in/fatima-abbasi792,5,0.3
INT-10243,Eman Baloch,eman.baloch243@outlook.com,03319202580,25,Female,Lahore,Punjab,BS Information Technology,COMSATS University,2.89,Not Specified,10,Human Resources,LinkedIn,13000,2025-04-18 15:22:00,https://www.linkedin.com/in/eman-baloch243,0,0.8
INT-10552,Eman Malik,eman.malik552@icloud.com,03411636987,33,Male,Lahore,Punjab,BS Data Science,Punjab University,2.81,"Data Visualization, Pandas, Machine Learning, Tableau, Power BI, Excel",1,Data Analytics,Internee.pk,39000,2025-03-04 17:32:00,https://www.linkedin.com/in/eman-malik552,6,0.1
INT-10527,Eman Ansari,eman.ansari527@icloud.com,03473581617,22,Female,Larkana,Sindh,BS Information Technology,LUMS,3.42,"Power BI, Tableau, Git, Machine Learning",15,Marketing,Indeed,36000,2025-04-28 09:50:00,https://www.linkedin.com/in/eman-ansari527,4,1.2
INT-10288,Rida Syed,rida.syed288@icloud.com,03204720512,25,Male,Nawabshah,Sindh,BS Computer Science,University of Sindh,3.26,"Data Visualization, Tableau, Machine Learning, Communication, SQL",4,Data Analytics,University Portal,40000,2025-03-20 09:17:00,https://www.linkedin.com/in/rida-syed288,5,0.3
INT-10152,Iqra Jatoi,iqra.jatoi152@outlook.com,03305401136,25,Male,Hyderabad,Sindh,BS Statistics,University of Karachi,3.28,"Statistics, Data Visualization, Git, Pandas, Python, Communication",19,Marketing,University Portal,23000,2025-04-04 15:35:00,https://www.linkedin.com/in/iqra-jatoi152,6,1.6
INT-10838,Bilal Ahmed,bilal.ahmed838@icloud.com,03369972014,24,Prefer not to say,Karachi,Sindh,BBA,Bahria University,3.02,"Html, Css, Excel, Power BI, Git, Data Visualization",0,Software Development,LinkedIn,15000,2025-03-25 16:56:00,https://www.linkedin.com/in/bilal-ahmed838,6,0.0
INT-10017,Danish Syed,danish.syed17@icloud.com,03064743822,24,Male,Gujranwala,Punjab,BS Computer Science,NED University,3.41,"Python, Tableau, Communication, SQL, Html, Css, Pandas",17,Software Development,Referral,11000,2025-04-11 22:44:00,https://www.linkedin.com/in/danish-syed17,7,1.4
INT-20025,Shayan Jatoi,shayan.jatoi181@icloud.com,03070252785,28,Male,Sukkur,Sindh,BS Statistics,University of Karachi,3.32,"Communication, Excel, Machine Learning",18,Software Development,Direct,34000,2025-04-19 07:41:00,https://www.linkedin.com/in/shayan-jatoi181,3,1.5
INT-10556,Muhammad Baloch,muhammad.baloch556@gmail.com,03297361105,25,Female,Quetta,Balochistan,BS Computer Science,Mehran University,3.04,"Machine Learning, Pandas, Tableau, Html, Css",8,Software Development,LinkedIn,42000,2025-04-02 13:10:00,https://www.linkedin.com/in/muhammad-baloch556,5,0.7
INT-10442,Eman Ahmed,eman.ahmed442@icloud.com,03230196030,19,Male,Hyderabad,Sindh,BS Statistics,NED University,3.3,"Python, Statistics, Communication, Power BI, Excel, Tableau",18,Data Analytics,LinkedIn,35000,2025-03-21 05:21:00,https://www.linkedin.com/in/eman-ahmed442,6,1.5
INT-10080,Noor Soomro,noor.soomro80@yahoo.com,03335559459,29,Female,Multan,Punjab,BS Computer Science,NED University,3.14,"Git, Power BI, Pandas, Python, Machine Learning",17,Software Development,Referral,28000,2025-03-16 23:51:00,https://www.linkedin.com/in/noor-soomro80,5,1.4
INT-10463,Zara Soomro,zara.soomro463@yahoo.com,03113288140,24,Male,Multan,Punjab,BBA,COMSATS University,2.45,"Pandas, Excel, Python, Git, Machine Learning, SQL",15,Software Development,Referral,31000,2025-04-22 12:46:00,https://www.linkedin.com/in/zara-soomro463,6,1.2
INT-10645,Farhan Chandio,farhan.chandio645@outlook.com,03059927381,18,Female,Peshawar,Khyber Pakhtunkhwa,BS Information Technology,Not Provided,3.09,"Tableau, Statistics, Git, Machine Learning",12,Human Resources,Indeed,26000,2025-04-16 19:28:00,https://www.linkedin.com/in/farhan-chandio645,4,1.0
INT-10349,Mariam Baloch,mariam.baloch349@icloud.com,03214206069,28,Male,Larkana,Sindh,BS Software Engineering,IBA Karachi,2.45,"Tableau, Excel, Communication, Pandas, Power BI",1,Data Analytics,LinkedIn,27000,2025-03-27 01:53:00,https://www.linkedin.com/in/mariam-baloch349,5,0.1
INT-10680,Hamza Rajput,hamza.rajput680@gmail.com,03041499874,27,Male,Nawabshah,Sindh,BS Data Science,University of Sindh,3.37,"Communication, Html, Css, Machine Learning, Tableau, Power BI",12,Data Analytics,LinkedIn,19000,2025-04-14 03:55:00,https://www.linkedin.com/in/hamza-rajput680,6,1.0
INT-10298,Mahnoor Baloch,mahnoor.baloch298@gmail.com,03365031255,23,Male,Peshawar,Khyber Pakhtunkhwa,BS Software Engineering,Shah Abdul Latif University,3.48,"Git, Statistics, Pandas, Power BI",5,Marketing,Referral,29000,2025-03-06 23:34:00,https://www.linkedin.com/in/mahnoor-baloch298,4,0.4
INT-10084,Talha Malik,talha.malik84@gmail.com,03384088014,21,Male,Nawabshah,Sindh,BS Data Science,COMSATS University,3.27,"SQL, Machine Learning, Tableau, Pandas, Python, Data Visualization",29,Business Intelligence,LinkedIn,32000,2025-04-06 22:34:00,https://www.linkedin.com/in/talha-malik84,6,2.4
INT-10409,Hussain Rind,hussain.rind409@yahoo.com,03033807386,19,Male,Nawabshah,Sindh,BS Data Science,University of Karachi,3.47,"Excel, Git",4,Data Analytics,Internee.pk,34000,2025-04-10 00:15:00,https://www.linkedin.com/in/hussain-rind409,2,0.3
INT-10240,Talha Baloch,talha.baloch240@outlook.com,03452920141,30,Male,Nawabshah,Sindh,BBA,University of Sindh,3.02,"Git, Statistics, Power BI, Communication",10,Data Analytics,University Portal,11000,2025-03-09 20:46:00,https://www.linkedin.com/in/talha-baloch240,4,0.8
INT-10213,Zain Ali,zain.ali213@icloud.com,03176896325,26,Female,Karachi,Sindh,BS Statistics,IBA Karachi,3.61,"Statistics, SQL, Power BI",15,Data Analytics,Indeed,30000,2025-04-06 03:24:00,https://www.linkedin.com/in/zain-ali213,3,1.2
INT-10324,Danish Siddiqui,danish.siddiqui324@outlook.com,03482719006,31,Male,Quetta,Balochistan,BS Information Technology,COMSATS University,3.08,Not Specified,10,Human Resources,Internee.pk,30000,2025-04-21 14:00:00,https://www.linkedin.com/in/danish-siddiqui324,0,0.8
INT-10756,Noor Bhatti,noor.bhatti756@outlook.com,03193310162,24,Female,Peshawar,Khyber Pakhtunkhwa,BS Information Technology,Mehran University,2.77,"Excel, Data Visualization, SQL, Communication, Power BI",5,Human Resources,Indeed,54000,2025-04-18 16:37:00,https://www.linkedin.com/in/noor-bhatti756,5,0.4
INT-10200,Ahsan Baloch,ahsan.baloch200@outlook.com,03268113634,23,Male,Faisalabad,Punjab,BS Statistics,NUST,3.12,"Html, Css, Pandas, Machine Learning, Git, Excel",9,Software Development,LinkedIn,20000,2025-03-24 09:32:00,https://www.linkedin.com/in/ahsan-baloch200,6,0.8
INT-10801,Laiba Malik,laiba.malik801@gmail.com,03164528408,24,Male,Faisalabad,Punjab,BS Economics,Shah Abdul Latif University,2.33,"Git, Tableau, Excel, Power BI, SQL, Communication",6,Human Resources,Referral,21000,2025-04-08 01:53:00,Not Provided,6,0.5
INT-10426,Hira Shah,hira.shah426@yahoo.com,03080952583,25,Female,Larkana,Sindh,BS Information Technology,NUST,2.53,"Git, Power BI, Html, Css",12,Marketing,Indeed,39000,2025-03-21 12:28:00,https://www.linkedin.com/in/hira-shah426,4,1.0
INT-10305,Hussain Qureshi,hussain.qureshi305@outlook.com,03070287560,22,Male,Faisalabad,Punjab,BS Software Engineering,NUST,3.32,Not Specified,10,Human Resources,LinkedIn,27000,2025-03-04 22:11:00,https://www.linkedin.com/in/hussain-qureshi305,0,0.8
INT-10182,Hira Siddiqui,hira.siddiqui182@yahoo.com,03135193456,26,Female,Khairpur,Sindh,BS Economics,Mehran University,2.88,"Data Visualization, Python",12,Finance,Referral,26000,2025-03-28 14:19:00,https://www.linkedin.com/in/hira-siddiqui182,2,1.0
INT-10581,Hira Malik,hira.malik581@yahoo.com,Not Provided,31,Male,Rawalpindi,Punjab,BS Information Technology,University of Karachi,2.84,"Pandas, Html, Css, Git, Power BI, Data Visualization, Excel",24,Business Intelligence,Referral,35000,2025-04-03 18:59:00,https://www.linkedin.com/in/hira-malik581,7,2.0
INT-10032,Zain Ansari,zain.ansari32@gmail.com,03416805919,29,Male,Hyderabad,Sindh,BBA,Not Provided,2.53,"Python, Statistics, SQL, Data Visualization, Power BI",17,Product,LinkedIn,26000,2025-03-11 22:31:00,Not Provided,5,1.4
INT-10539,Iqra Rind,iqra.rind539@icloud.com,03345555379,28,Prefer not to say,Sukkur,Sindh,BS Information Technology,Shah Abdul Latif University,3.12,"Power BI, Html, Css, Pandas",5,Human Resources,University Portal,32000,2025-04-01 15:16:00,https://www.linkedin.com/in/iqra-rind539,4,0.4
INT-10493,Noor Memon,noor.memon493@icloud.com,03295311200,27,Male,Islamabad,Islamabad Capital Territory,BBA,University of Sindh,3.12,"Excel, Statistics, Tableau, Communication, SQL",9,Business Intelligence,LinkedIn,28000,2025-04-15 10:33:00,https://www.linkedin.com/in/noor-memon493,5,0.8
INT-10299,Areeba Khan,areeba.khan299@icloud.com,03239532108,24,Male,Rawalpindi,Punjab,BS Data Science,Punjab University,2.37,"Html, Css, Data Visualization, SQL",5,Data Analytics,Direct,45000,2025-03-19 19:27:00,https://www.linkedin.com/in/areeba-khan299,4,0.4
INT-10160,Eman Abbasi,eman.abbasi160@outlook.com,03106082562,21,Female,Lahore,Punjab,BS Information Technology,IBA Karachi,3.23,"Python, Git, Statistics, Power BI, Machine Learning, Communication",8,Data Analytics,Indeed,21000,2025-03-17 18:44:00,https://www.linkedin.com/in/eman-abbasi160,6,0.7
INT-10358,Fatima Chandio,fatima.chandio358@yahoo.com,Not Provided,23,Male,Hyderabad,Sindh,BS Data Science,IBA Karachi,2.96,"Python, Excel, Power BI, SQL",10,Software Development,Indeed,42000,2025-03-17 13:23:00,https://www.linkedin.com/in/fatima-chandio358,4,0.8
INT-10146,Yasir Shaikh,yasir.shaikh146@outlook.com,03352719115,25,Male,Karachi,Sindh,BS Software Engineering,Shah Abdul Latif University,2.88,"Tableau, Communication, Pandas, Python, SQL",9,Data Analytics,LinkedIn,28000,2025-03-02 05:45:00,https://www.linkedin.com/in/yasir-shaikh146,5,0.8
INT-10165,Saad Qureshi,saad.qureshi165@icloud.com,03251904175,27,Male,Rawalpindi,Punjab,BS Computer Science,Bahria University,3.25,"Excel, Communication, Python, Pandas",8,Data Analytics,Direct,27000,2025-04-13 23:46:00,https://www.linkedin.com/in/saad-qureshi165,4,0.7
INT-10258,Laiba Ahmed,laiba.ahmed258@gmail.com,03423133944,18,Male,Quetta,Balochistan,BS Statistics,FAST NUCES,3.17,"Html, Css, Python, Power BI, Statistics",2,Data Analytics,University Portal,20000,2025-04-03 17:57:00,https://www.linkedin.com/in/laiba-ahmed258,5,0.2
INT-10491,Sana Chandio,sana.chandio491@yahoo.com,03488499337,22,Male,Sukkur,Sindh,BS Data Science,LUMS,3.07,"Excel, Html, Css, Machine Learning, Git",12,Data Analytics,Internee.pk,25000,2025-04-21 10:05:00,https://www.linkedin.com/in/sana-chandio491,5,1.0
INT-10632,Iqra Rind,iqra.rind632@icloud.com,03168604671,22,Female,Gujranwala,Punjab,BS Software Engineering,Punjab University,2.78,"Pandas, Power BI, Data Visualization",39,Data Analytics,Referral,45000,2025-03-22 20:23:00,https://www.linkedin.com/in/iqra-rind632,3,3.2
INT-10096,Ali Chandio,ali.chandio96@outlook.com,03383390380,25,Male,Multan,Punjab,BS Data Science,COMSATS University,2.82,"Git, Excel, Power BI",13,Data Analytics,University Portal,39000,2025-04-28 23:55:00,https://www.linkedin.com/in/ali-chandio96,3,1.1
INT-10499,Mariam Ahmed,mariam.ahmed499@yahoo.com,03355851179,24,Male,Islamabad,Islamabad Capital Territory,BS Software Engineering,IBA Karachi,3.35,"Python, Data Visualization, Power BI",9,Data Analytics,Indeed,31000,2025-03-24 17:27:00,https://www.linkedin.com/in/mariam-ahmed499,3,0.8
INT-10185,Hira Siddiqui,hira.siddiqui185@gmail.com,03389750797,29,Male,Hyderabad,Sindh,BS Information Technology,Punjab University,2.38,"SQL, Tableau, Machine Learning, Power BI",11,Business Intelligence,Referral,10000,2025-03-19 16:54:00,https://www.linkedin.com/in/hira-siddiqui185,4,0.9
INT-10676,Muhammad Siddiqui,muhammad.siddiqui676@icloud.com,03443380375,29,Female,Rawalpindi,Punjab,BS Computer Science,Shah Abdul Latif University,2.46,"Communication, Statistics, Git, Excel",5,Human Resources,LinkedIn,52000,2025-03-21 09:16:00,https://www.linkedin.com/in/muhammad-siddiqui676,4,0.4
INT-10721,Nimra Rajput,nimra.rajput721@outlook.com,03298245280,24,Male,Nawabshah,Sindh,BBA,Shah Abdul Latif University,2.44,Not Specified,27,Data Analytics,Indeed,38000,2025-04-08 20:00:00,https://www.linkedin.com/in/nimra-rajput721,0,2.2
INT-10387,Mariam Ahmed,mariam.ahmed387@gmail.com,03407630064,30,Male,Islamabad,Islamabad Capital Territory,BS Economics,NED University,3.29,"SQL, Pandas",16,Software Development,Direct,49000,2025-03-13 10:22:00,Not Provided,2,1.3
INT-10434,Mariam Rind,mariam.rind434@icloud.com,03487389576,23,Male,Khairpur,Sindh,BBA,IBA Karachi,2.4,"Communication, SQL, Data Visualization, Pandas, Html, Css",16,Marketing,Direct,21000,2025-04-16 14:42:00,https://www.linkedin.com/in/mariam-rind434,6,1.3
INT-10703,Hussain Syed,hussain.syed703@yahoo.com,03093391310,25,Male,Larkana,Sindh,BS Software Engineering,NED University,3.08,"Statistics, Pandas, Git, Data Visualization, Tableau, Communication",20,Human Resources,University Portal,52000,2025-04-29 22:59:00,https://www.linkedin.com/in/hussain-syed703,6,1.7
INT-10141,Farhan Bhatti,farhan.bhatti141@gmail.com,03224453404,25,Male,Gujranwala,Punjab,BS Economics,FAST NUCES,2.24,"Power BI, Html, Css, Excel",12,Software Development,LinkedIn,30000,2025-04-30 04:31:00,https://www.linkedin.com/in/farhan-bhatti141,4,1.0
INT-10093,Shayan Shah,shayan.shah93@icloud.com,03213321438,27,Male,Islamabad,Islamabad Capital Territory,BS Computer Science,Mehran University,3.38,"Python, Tableau, Communication, Data Visualization, Excel",11,Product,Internee.pk,34000,2025-04-19 17:04:00,https://www.linkedin.com/in/shayan-shah93,5,0.9
INT-10790,Iqra Bhatti,iqra.bhatti790@gmail.com,03483743715,26,Male,Mardan,Khyber Pakhtunkhwa,BS Computer Science,University of Sindh,2.68,"Python, Excel, Tableau",10,Business Intelligence,Indeed,32000,2025-04-27 07:55:00,https://www.linkedin.com/in/iqra-bhatti790,3,0.8
INT-10418,Laiba Khan,laiba.khan418@icloud.com,03049968570,23,Male,Mardan,Khyber Pakhtunkhwa,BS Statistics,COMSATS University,3.27,"Python, Git",6,Software Development,University Portal,20000,2025-04-01 19:56:00,https://www.linkedin.com/in/laiba-khan418,2,0.5
INT-10558,Ali Ahmed,ali.ahmed558@yahoo.com,03285251522,21,Female,Karachi,Sindh,BS Statistics,Punjab University,3.35,"Machine Learning, Html, Css, Excel, Data Visualization, Power BI",7,Business Intelligence,LinkedIn,24000,2025-04-23 14:55:00,https://www.linkedin.com/in/ali-ahmed558,6,0.6
INT-10505,Muhammad Soomro,muhammad.soomro505@yahoo.com,03271421754,27,Female,Hyderabad,Sindh,BBA,Punjab University,2.84,"Python, Pandas, Machine Learning, Tableau",30,Data Analytics,Indeed,39000,2025-04-10 21:30:00,https://www.linkedin.com/in/muhammad-soomro505,4,2.5
INT-10099,Fatima Baloch,fatima.baloch99@icloud.com,03292285359,29,Male,Islamabad,Islamabad Capital Territory,BS Information Technology,COMSATS University,3.66,"Statistics, Power BI, Communication, Data Visualization, SQL, Excel",14,Human Resources,University Portal,46000,2025-04-14 15:52:00,https://www.linkedin.com/in/fatima-baloch99,6,1.2
INT-10375,Mahnoor Soomro,mahnoor.soomro375@icloud.com,03065256808,31,Male,Karachi,Sindh,BS Information Technology,LUMS,2.78,"Machine Learning, Python, Excel",1,Data Analytics,Referral,31000,2025-03-19 08:23:00,https://www.linkedin.com/in/mahnoor-soomro375,3,0.1
INT-10140,Ali Memon,ali.memon140@yahoo.com,03099974612,24,Male,Sukkur,Sindh,BS Computer Science,NED University,2.9,"Excel, Communication, Data Visualization, Html, Css",14,Data Analytics,LinkedIn,46000,2025-04-24 06:39:00,https://www.linkedin.com/in/ali-memon140,5,1.2
INT-10277,Ahsan Shah,ahsan.shah277@outlook.com,03097430831,20,Male,Islamabad,Islamabad Capital Territory,BS Information Technology,COMSATS University,3.45,"Excel, Python",12,Data Analytics,Direct,35000,2025-03-14 08:20:00,https://www.linkedin.com/in/ahsan-shah277,2,1.0
INT-10526,Eman Chandio,eman.chandio526@icloud.com,03316314559,23,Female,Nawabshah,Sindh,BS Economics,LUMS,3.06,"SQL, Git, Data Visualization, Html, Css, Tableau, Machine Learning",10,Data Analytics,LinkedIn,32000,2025-03-23 16:36:00,https://www.linkedin.com/in/eman-chandio526,7,0.8
INT-10651,Areeba Baloch,areeba.baloch651@outlook.com,03073282085,21,Male,Islamabad,Islamabad Capital Territory,BS Computer Science,NED University,3.39,"Html, Css, Communication, Tableau",1,Human Resources,Indeed,28000,2025-04-08 08:48:00,https://www.linkedin.com/in/areeba-baloch651,4,0.1
INT-10315,Hussain Syed,hussain.syed315@gmail.com,03392765765,18,Prefer not to say,Khairpur,Sindh,BS Software Engineering,Punjab University,3.1,"Excel, Html, Css",20,Data Analytics,LinkedIn,21000,2025-04-29 23:37:00,https://www.linkedin.com/in/hussain-syed315,3,1.7
INT-10587,Saad Siddiqui,saad.siddiqui587@yahoo.com,03353262592,23,Female,Sukkur,Sindh,BS Data Science,COMSATS University,2.0,"Python, Communication, Html, Css, Statistics, Power BI",16,Data Analytics,University Portal,16000,2025-04-16 03:22:00,https://www.linkedin.com/in/saad-siddiqui587,6,1.3
INT-10252,Mariam Syed,mariam.syed252@outlook.com,03097795082,21,Male,Abbottabad,Khyber Pakhtunkhwa,BS Computer Science,FAST NUCES,3.27,"Machine Learning, Data Visualization, SQL, Statistics, Excel",29,Data Analytics,Referral,10000,2025-03-17 01:01:00,https://www.linkedin.com/in/mariam-syed252,5,2.4
INT-10168,Sajid Shah,sajid.shah168@yahoo.com,03397953004,22,Female,Hyderabad,Sindh,BS Data Science,COMSATS University,3.38,"Html, Css, Git, Pandas, SQL",0,Data Analytics,Direct,27000,2025-04-19 05:07:00,https://www.linkedin.com/in/sajid-shah168,5,0.0
INT-10536,Sana Syed,sana.syed536@yahoo.com,03075198423,24,Male,Larkana,Sindh,BS Statistics,Bahria University,2.94,"SQL, Excel, Git",18,Finance,Referral,10000,2025-03-19 17:56:00,https://www.linkedin.com/in/sana-syed536,3,1.5
INT-10498,Zain Shah,zain.shah498@yahoo.com,03204684877,22,Male,Abbottabad,Khyber Pakhtunkhwa,BS Statistics,Mehran University,3.04,"Git, Python, Html, Css, Tableau",10,Finance,Direct,24000,2025-03-18 17:13:00,https://www.linkedin.com/in/zain-shah498,5,0.8
INT-10075,Rida Ahmed,rida.ahmed75@icloud.com,03431556670,23,Female,Khairpur,Sindh,BS Software Engineering,Shah Abdul Latif University,3.98,"Excel, Data Visualization, Html, Css, Communication",7,Business Intelligence,LinkedIn,30000,2025-04-17 17:52:00,https://www.linkedin.com/in/rida-ahmed75,5,0.6
INT-10341,Noor Soomro,noor.soomro341@yahoo.com,03042744475,19,Male,Hyderabad,Sindh,BS Information Technology,Punjab University,3.11,"Communication, Html, Css, Python",8,Human Resources,Direct,56000,2025-03-16 10:57:00,https://www.linkedin.com/in/noor-soomro341,4,0.7
INT-10311,Sana Mirza,sana.mirza311@outlook.com,03019441176,25,Female,Quetta,Balochistan,BS Computer Science,Mehran University,2.65,"Communication, Git, Pandas, Python",20,Business Intelligence,LinkedIn,19000,2025-03-07 03:45:00,https://www.linkedin.com/in/sana-mirza311,4,1.7
INT-10205,Yasir Malik,yasir.malik205@outlook.com,03110360018,21,Male,Faisalabad,Punjab,BS Software Engineering,LUMS,3.24,"Power BI, Html, Css",8,Business Intelligence,Direct,36000,2025-04-10 11:07:00,https://www.linkedin.com/in/yasir-malik205,3,0.7
INT-10511,Sana Syed,sana.syed511@gmail.com,03304770364,24,Female,Nawabshah,Sindh,BS Information Technology,COMSATS University,3.2,"Html, Css, Tableau",9,Software Development,Referral,35000,2025-04-23 02:49:00,https://www.linkedin.com/in/sana-syed511,3,0.8
INT-10103,Danish Qureshi,danish.qureshi103@icloud.com,03331962050,22,Female,Larkana,Sindh,BS Information Technology,Mehran University,3.98,"SQL, Python, Excel, Statistics, Data Visualization, Power BI",15,Software Development,Direct,27000,2025-04-09 15:22:00,https://www.linkedin.com/in/danish-qureshi103,6,1.2
INT-10158,Iqra Rind,iqra.rind158@outlook.com,03185844498,26,Prefer not to say,Khairpur,Sindh,BS Statistics,NED University,2.66,Not Specified,8,Marketing,Internee.pk,40000,2025-04-08 22:54:00,https://www.linkedin.com/in/iqra-rind158,0,0.7
INT-10202,Mariam Memon,mariam.memon202@gmail.com,03303681083,25,Male,Khairpur,Sindh,BBA,NED University,3.32,"Excel, Git",5,Data Analytics,University Portal,36000,2025-04-24 16:57:00,https://www.linkedin.com/in/mariam-memon202,2,0.4
INT-10064,Noor Malik,noor.malik64@outlook.com,03230973816,22,Female,Faisalabad,Punjab,BBA,Punjab University,2.19,"Python, Data Visualization, Communication, Git, SQL, Excel",10,Data Analytics,Indeed,45000,2025-04-17 14:08:00,https://www.linkedin.com/in/noor-malik64,6,0.8
INT-10041,Danish Jatoi,danish.jatoi41@gmail.com,03362650353,26,Female,Larkana,Sindh,BS Economics,University of Sindh,2.49,"Python, Data Visualization, Pandas, Excel",11,Business Intelligence,LinkedIn,37000,2025-03-06 12:42:00,https://www.linkedin.com/in/danish-jatoi41,4,0.9
INT-10263,Sidra Memon,sidra.memon263@yahoo.com,03363177151,23,Male,Islamabad,Islamabad Capital Territory,BS Information Technology,University of Sindh,2.96,"Excel, Data Visualization, Power BI, Git",14,Data Analytics,University Portal,26000,2025-04-19 07:02:00,Not Provided,4,1.2
INT-10510,Shayan Rajput,shayan.rajput510@icloud.com,03172624680,23,Male,Islamabad,Islamabad Capital Territory,BS Information Technology,Shah Abdul Latif University,3.29,"Communication, Power BI, Git, Data Visualization",7,Data Analytics,LinkedIn,22000,2025-03-28 07:41:00,https://www.linkedin.com/in/shayan-rajput510,4,0.6
INT-10074,Noor Rajput,noor.rajput74@gmail.com,03389373778,26,Male,Nawabshah,Sindh,BS Data Science,NUST,3.32,"Python, SQL, Git, Power BI, Data Visualization",11,Business Intelligence,Referral,53000,2025-03-18 02:08:00,https://www.linkedin.com/in/noor-rajput74,5,0.9
INT-10150,Fatima Bhatti,fatima.bhatti150@icloud.com,03481627219,31,Male,Gujranwala,Punjab,BS Information Technology,University of Karachi,3.41,"Machine Learning, Excel",14,Data Analytics,Direct,56000,2025-03-22 15:24:00,https://www.linkedin.com/in/fatima-bhatti150,2,1.2
INT-10187,Fatima Rajput,fatima.rajput187@icloud.com,03366369567,22,Male,Gujranwala,Punjab,BS Economics,Shah Abdul Latif University,3.49,"Excel, Tableau, Statistics, Python, Power BI",6,Finance,LinkedIn,20000,2025-04-09 20:17:00,https://www.linkedin.com/in/fatima-rajput187,5,0.5
INT-10164,Iqra Khan,iqra.khan164@icloud.com,03182670256,27,Male,Khairpur,Sindh,BS Computer Science,Shah Abdul Latif University,2.84,"Excel, Tableau",9,Data Analytics,Indeed,15000,2025-03-21 03:31:00,https://www.linkedin.com/in/iqra-khan164,2,0.8
INT-10609,Shayan Siddiqui,shayan.siddiqui609@icloud.com,03019810687,26,Prefer not to say,Islamabad,Islamabad Capital Territory,BS Computer Science,Bahria University,3.21,"Tableau, Excel, Git",10,Human Resources,University Portal,23000,2025-04-17 05:20:00,https://www.linkedin.com/in/shayan-siddiqui609,3,0.8
INT-10835,Ali Rajput,ali.rajput835@icloud.com,03128323660,23,Female,Nawabshah,Sindh,BS Computer Science,University of Karachi,3.43,"Statistics, Pandas, Excel, Tableau, Power BI",36,Data Analytics,LinkedIn,12000,2025-04-11 20:07:00,https://www.linkedin.com/in/ali-rajput835,5,3.0
INT-10444,Mahnoor Khan,mahnoor.khan444@outlook.com,03355167267,25,Female,Sukkur,Sindh,BS Computer Science,IBA Karachi,3.16,"Pandas, Statistics",16,Product,Direct,25000,2025-03-06 06:39:00,https://www.linkedin.com/in/mahnoor-khan444,2,1.3
INT-10397,Iqra Ali,iqra.ali397@gmail.com,03231829077,24,Male,Hyderabad,Sindh,BBA,FAST NUCES,2.0,"Machine Learning, Tableau, Data Visualization, Excel",17,Business Intelligence,LinkedIn,14000,2025-04-06 06:15:00,https://www.linkedin.com/in/iqra-ali397,4,1.4
INT-10574,Noor Jatoi,noor.jatoi574@icloud.com,03161509006,27,Male,Faisalabad,Punjab,BS Information Technology,NED University,3.32,"Machine Learning, Power BI, SQL, Html, Css, Data Visualization",4,Data Analytics,Direct,39000,2025-03-19 05:59:00,https://www.linkedin.com/in/noor-jatoi574,6,0.3
INT-10718,Areeba Bhatti,areeba.bhatti718@yahoo.com,03135386685,21,Female,Quetta,Balochistan,BS Statistics,Shah Abdul Latif University,2.23,"SQL, Excel, Html, Css, Pandas, Data Visualization, Git",7,Business Intelligence,Referral,16000,2025-04-15 04:27:00,https://www.linkedin.com/in/areeba-bhatti718,7,0.6
INT-10693,Laiba Abbasi,laiba.abbasi693@gmail.com,03339061827,24,Male,Lahore,Punjab,BS Information Technology,IBA Karachi,3.78,"Data Visualization, Pandas, Html, Css, Git, Tableau, Machine Learning",16,Software Development,Indeed,30000,2025-04-29 12:14:00,https://www.linkedin.com/in/laiba-abbasi693,7,1.3
INT-10329,Laiba Rajput,laiba.rajput329@gmail.com,03077489637,23,Female,Larkana,Sindh,BS Computer Science,IBA Karachi,3.26,"Tableau, Power BI, Excel",5,Finance,Indeed,36000,2025-04-23 00:10:00,https://www.linkedin.com/in/laiba-rajput329,3,0.4
INT-10078,Noor Ansari,noor.ansari78@outlook.com,03165432208,25,Male,Larkana,Sindh,BBA,NED University,2.95,"Git, Html, Css, Excel, Data Visualization, Pandas",2,Business Intelligence,LinkedIn,32000,2025-03-18 09:31:00,https://www.linkedin.com/in/noor-ansari78,6,0.2
INT-10554,Bilal Shaikh,bilal.shaikh554@icloud.com,03162866400,29,Male,Hyderabad,Sindh,BS Information Technology,University of Karachi,2.83,"Pandas, Python, Excel, SQL, Machine Learning",14,Software Development,Internee.pk,16000,2025-04-29 10:03:00,https://www.linkedin.com/in/bilal-shaikh554,5,1.2
INT-10515,Danish Rajput,danish.rajput515@gmail.com,03289230665,26,Male,Larkana,Sindh,BS Information Technology,IBA Karachi,2.94,"Git, Machine Learning",18,Business Intelligence,Internee.pk,22000,2025-04-10 12:57:00,Not Provided,2,1.5
INT-10107,Laiba Shah,laiba.shah107@gmail.com,03046226455,24,Male,Multan,Punjab,BS Information Technology,IBA Karachi,3.21,"Python, Communication, Excel, Statistics",2,Software Development,Internee.pk,37000,2025-03-12 04:20:00,https://www.linkedin.com/in/laiba-shah107,4,0.2
INT-10474,Bilal Baloch,bilal.baloch474@icloud.com,03253807040,21,Male,Multan,Punjab,BS Software Engineering,FAST NUCES,2.81,"Communication, Python, Excel",9,Business Intelligence,Indeed,33000,2025-03-08 10:46:00,https://www.linkedin.com/in/bilal-baloch474,3,0.8
INT-10542,Rida Ansari,rida.ansari542@icloud.com,03144690061,23,Male,Hyderabad,Sindh,BS Software Engineering,University of Karachi,2.72,"Excel, Statistics, Data Visualization, Communication, Machine Learning",7,Data Analytics,Referral,18000,2025-04-12 01:07:00,https://www.linkedin.com/in/rida-ansari542,5,0.6
INT-10859,Danish Ahmed,danish.ahmed859@gmail.com,03464953037,22,Male,Sukkur,Sindh,BS Data Science,NED University,3.06,"Pandas, Data Visualization, Git, Excel",2,Business Intelligence,University Portal,41000,2025-03-05 12:37:00,Not Provided,4,0.2
INT-10348,Zain Malik,zain.malik348@yahoo.com,03178112512,20,Male,Faisalabad,Punjab,BBA,Mehran University,3.04,"Data Visualization, Machine Learning, SQL",22,Data Analytics,LinkedIn,29000,2025-04-07 08:46:00,https://www.linkedin.com/in/zain-malik348,3,1.8
INT-10067,Yasir Syed,yasir.syed67@yahoo.com,03172417241,23,Male,Lahore,Punjab,BS Information Technology,Punjab University,3.11,"Tableau, Excel, Data Visualization",16,Product,Indeed,16000,2025-04-02 23:27:00,https://www.linkedin.com/in/yasir-syed67,3,1.3
INT-10802,Zara Siddiqui,zara.siddiqui802@yahoo.com,03296355581,28,Female,Abbottabad,Khyber Pakhtunkhwa,BS Economics,FAST NUCES,2.74,"Excel, Machine Learning, Communication, Statistics, Python, Html, Css",20,Data Analytics,Direct,51000,2025-03-02 17:42:00,https://www.linkedin.com/in/zara-siddiqui802,7,1.7
INT-10661,Iqra Siddiqui,iqra.siddiqui661@yahoo.com,03256168733,20,Male,Rawalpindi,Punjab,BS Information Technology,Bahria University,3.36,"Machine Learning, Communication, Power BI, Git, Tableau",25,Business Intelligence,Internee.pk,30000,2025-04-09 01:05:00,https://www.linkedin.com/in/iqra-siddiqui661,5,2.1
INT-10690,Sana Chandio,sana.chandio690@icloud.com,03274450910,23,Male,Khairpur,Sindh,BS Information Technology,Bahria University,2.9,"Git, Machine Learning, Data Visualization",3,Business Intelligence,LinkedIn,10000,2025-03-02 16:41:00,https://www.linkedin.com/in/sana-chandio690,3,0.2
INT-10257,Muhammad Baloch,muhammad.baloch257@icloud.com,03030764962,21,Female,Islamabad,Islamabad Capital Territory,BS Computer Science,LUMS,3.5,"Tableau, SQL, Data Visualization",11,Business Intelligence,Indeed,25000,2025-03-04 01:47:00,https://www.linkedin.com/in/muhammad-baloch257,3,0.9
INT-10161,Talha Rind,talha.rind161@yahoo.com,Not Provided,25,Female,Rawalpindi,Punjab,BS Computer Science,Bahria University,3.24,"Statistics, Git",3,Business Intelligence,Internee.pk,14000,2025-03-19 20:47:00,https://www.linkedin.com/in/talha-rind161,2,0.2
INT-10561,Shayan Bhatti,shayan.bhatti561@outlook.com,03043297988,20,Male,Lahore,Punjab,BS Computer Science,Bahria University,3.39,"Python, Pandas, Tableau, SQL",12,Business Intelligence,University Portal,35000,2025-03-11 07:26:00,https://www.linkedin.com/in/shayan-bhatti561,4,1.0
INT-10264,Zara Siddiqui,zara.siddiqui264@yahoo.com,03203101064,18,Female,Rawalpindi,Punjab,BS Software Engineering,FAST NUCES,3.23,"Git, Excel, Statistics, Html, Css, Tableau",10,Software Development,Referral,46000,2025-03-19 19:16:00,https://www.linkedin.com/in/zara-siddiqui264,6,0.8
INT-10033,Eman Rajput,eman.rajput33@icloud.com,03182623007,18,Male,Rawalpindi,Punjab,BS Computer Science,University of Sindh,2.57,"Communication, Python, Data Visualization, Html, Css",11,Business Intelligence,Referral,23000,2025-03-13 08:47:00,https://www.linkedin.com/in/eman-rajput33,5,0.9
INT-10108,Mahnoor Shaikh,mahnoor.shaikh108@gmail.com,03023519007,25,Female,Sukkur,Sindh,BS Information Technology,LUMS,3.05,"Python, Tableau, Machine Learning, Data Visualization",3,Software Development,LinkedIn,28000,2025-04-15 06:24:00,https://www.linkedin.com/in/mahnoor-shaikh108,4,0.2
INT-10031,Shayan Qureshi,shayan.qureshi31@gmail.com,03368810555,27,Male,Abbottabad,Khyber Pakhtunkhwa,BBA,Shah Abdul Latif University,3.07,"Tableau, Pandas",16,Marketing,Referral,25000,2025-04-09 12:55:00,https://www.linkedin.com/in/shayan-qureshi31,2,1.3
INT-10283,Areeba Khan,areeba.khan283@outlook.com,03114206147,25,Male,Hyderabad,Sindh,BS Computer Science,NED University,2.78,"Pandas, SQL, Power BI",0,Data Analytics,LinkedIn,35000,2025-04-10 00:33:00,https://www.linkedin.com/in/areeba-khan283,3,0.0
INT-10540,Shayan Soomro,shayan.soomro540@gmail.com,03169601659,23,Prefer not to say,Larkana,Sindh,BS Data Science,LUMS,2.95,"Tableau, Python, Data Visualization",13,Software Development,Referral,27000,2025-04-25 09:58:00,https://www.linkedin.com/in/shayan-soomro540,3,1.1
INT-10522,Usman Shaikh,usman.shaikh522@yahoo.com,03325410549,18,Female,Multan,Punjab,BS Computer Science,NED University,2.39,"Python, Excel, Html, Css, Machine Learning, Tableau",20,Data Analytics,Indeed,28000,2025-03-17 21:25:00,https://www.linkedin.com/in/usman-shaikh522,6,1.7
INT-10392,Shayan Memon,shayan.memon392@yahoo.com,03216258342,24,Male,Karachi,Sindh,BS Computer Science,NED University,3.07,"Data Visualization, Python, Communication",22,Data Analytics,Referral,42000,2025-04-11 20:13:00,https://www.linkedin.com/in/shayan-memon392,3,1.8
INT-10025,Nimra Ali,nimra.ali25@gmail.com,03191388869,22,Female,Sukkur,Sindh,BS Data Science,NED University,3.45,"Python, Statistics, SQL, Data Visualization, Tableau",16,Marketing,Direct,30000,2025-04-07 16:38:00,https://www.linkedin.com/in/nimra-ali25,5,1.3
INT-20036,Hira Shah,hira.shah488@yahoo.com,03092267063,25,Female,Khairpur,Sindh,BS Information Technology,Mehran University,3.05,"Statistics, Power BI",11,Human Resources,Direct,37000,2025-04-14 11:37:00,https://www.linkedin.com/in/hira-shah488,2,0.9
INT-10184,Talha Shaikh,talha.shaikh184@gmail.com,03068553451,26,Female,Gujranwala,Punjab,BS Information Technology,COMSATS University,2.62,"Html, Css, Communication, Python",3,Data Analytics,Direct,25000,2025-03-09 06:36:00,https://www.linkedin.com/in/talha-shaikh184,4,0.2
INT-10569,Mariam Shaikh,mariam.shaikh569@yahoo.com,03347206028,30,Female,Peshawar,Khyber Pakhtunkhwa,BS Data Science,University of Karachi,3.62,Not Specified,9,Finance,Indeed,34000,2025-03-20 11:55:00,https://www.linkedin.com/in/mariam-shaikh569,0,0.8
INT-10566,Talha Mirza,talha.mirza566@icloud.com,03415677642,29,Male,Sukkur,Sindh,BS Statistics,Mehran University,3.28,"Pandas, Data Visualization, Machine Learning, Excel, Python, Html, Css",10,Product,Direct,20000,2025-03-01 09:47:00,https://www.linkedin.com/in/talha-mirza566,7,0.8
INT-10570,Danish Malik,danish.malik570@outlook.com,03345225635,19,Female,Larkana,Sindh,BS Software Engineering,COMSATS University,2.96,"Power BI, Html, Css, Machine Learning, Statistics, SQL",8,Software Development,Direct,39000,2025-04-14 19:40:00,https://www.linkedin.com/in/danish-malik570,6,0.7
INT-10374,Hussain Ansari,hussain.ansari374@yahoo.com,03083842921,22,Female,Nawabshah,Sindh,BS Information Technology,University of Sindh,2.59,"Data Visualization, SQL, Excel",23,Data Analytics,Referral,32000,2025-03-08 03:12:00,https://www.linkedin.com/in/hussain-ansari374,3,1.9
INT-10209,Noor Siddiqui,noor.siddiqui209@yahoo.com,03109788137,24,Male,Khairpur,Sindh,BS Computer Science,Mehran University,2.8,"Statistics, Html, Css, Python, Machine Learning, Power BI, Excel",8,Product,Direct,30000,2025-04-10 15:29:00,https://www.linkedin.com/in/noor-siddiqui209,7,0.7
INT-10578,Ahsan Malik,ahsan.malik578@icloud.com,03226134611,21,Male,Faisalabad,Punjab,BS Computer Science,NUST,3.66,"Statistics, Excel, Power BI, Html, Css, Pandas",7,Marketing,Internee.pk,49000,2025-03-25 17:54:00,https://www.linkedin.com/in/ahsan-malik578,6,0.6
INT-10406,Nimra Soomro,nimra.soomro406@yahoo.com,03070384282,31,Male,Hyderabad,Sindh,BS Information Technology,University of Karachi,3.42,"Statistics, Data Visualization, Power BI, Pandas",9,Software Development,LinkedIn,57000,2025-04-09 14:42:00,https://www.linkedin.com/in/nimra-soomro406,4,0.8
INT-10602,Ali Ali,ali.ali602@yahoo.com,03051536489,28,Male,Gujranwala,Punjab,BS Computer Science,Mehran University,2.48,"Statistics, Html, Css, Python, Data Visualization, Pandas, Tableau",26,Finance,University Portal,19000,2025-03-24 00:35:00,https://www.linkedin.com/in/ali-ali602,7,2.2
INT-10739,Talha Syed,talha.syed739@yahoo.com,03129005610,28,Male,Khairpur,Sindh,BS Software Engineering,University of Karachi,3.23,"Power BI, Data Visualization, SQL, Communication, Excel",21,Product,Direct,10000,2025-04-02 11:00:00,https://www.linkedin.com/in/talha-syed739,5,1.8
INT-10518,Zara Chandio,zara.chandio518@yahoo.com,03239553680,24,Male,Faisalabad,Punjab,BS Information Technology,Not Provided,3.81,"Machine Learning, Tableau, Excel",16,Human Resources,University Portal,36000,2025-04-19 14:05:00,https://www.linkedin.com/in/zara-chandio518,3,1.3
INT-10600,Hira Soomro,hira.soomro600@outlook.com,03298403057,18,Male,Multan,Punjab,BS Economics,Mehran University,2.81,"Git, Excel, Python, Pandas, Tableau, Communication",15,Human Resources,Referral,10000,2025-03-11 07:35:00,https://www.linkedin.com/in/hira-soomro600,6,1.2
INT-10087,Shayan Abbasi,shayan.abbasi87@yahoo.com,03181645783,29,Male,Karachi,Sindh,BS Information Technology,Bahria University,2.9,"Excel, Machine Learning",10,Data Analytics,Referral,15000,2025-03-26 13:55:00,https://www.linkedin.com/in/shayan-abbasi87,2,0.8
INT-10314,Usman Rajput,usman.rajput314@yahoo.com,03175729340,30,Male,Hyderabad,Sindh,BS Information Technology,Bahria University,2.84,"Excel, Machine Learning",1,Data Analytics,Internee.pk,22000,2025-03-12 16:46:00,https://www.linkedin.com/in/usman-rajput314,2,0.1
INT-10614,Danish Syed,danish.syed614@yahoo.com,03001604649,34,Male,Khairpur,Sindh,BS Computer Science,University of Sindh,2.71,"Python, Machine Learning, Data Visualization, Pandas",13,Data Analytics,Referral,20000,2025-03-08 05:50:00,https://www.linkedin.com/in/danish-syed614,4,1.1
INT-10791,Saad Syed,saad.syed791@gmail.com,03092764761,24,Female,Hyderabad,Sindh,BS Information Technology,Mehran University,3.04,"Power BI, Data Visualization",7,Data Analytics,Referral,38000,2025-04-14 18:29:00,https://www.linkedin.com/in/saad-syed791,2,0.6
INT-10432,Sidra Memon,sidra.memon432@icloud.com,03200281641,24,Female,Multan,Punjab,BS Data Science,FAST NUCES,3.31,"Html, Css, Machine Learning, Git, Python, SQL, Power BI",18,Human Resources,LinkedIn,21000,2025-04-17 14:27:00,https://www.linkedin.com/in/sidra-memon432,7,1.5
INT-10795,Usman Soomro,usman.soomro795@gmail.com,03345608308,27,Male,Khairpur,Sindh,BS Data Science,LUMS,4.0,"Html, Css, SQL",7,Software Development,LinkedIn,26000,2025-04-26 09:40:00,https://www.linkedin.com/in/usman-soomro795,3,0.6
INT-10643,Hira Abbasi,hira.abbasi643@icloud.com,03085264909,28,Male,Hyderabad,Sindh,BS Data Science,NUST,3.72,"Power BI, Pandas, Tableau, Data Visualization, Python, Git",13,Business Intelligence,Direct,27000,2025-03-06 10:21:00,https://www.linkedin.com/in/hira-abbasi643,6,1.1
INT-10555,Hira Baloch,hira.baloch555@outlook.com,03116379770,33,Male,Lahore,Punjab,BS Computer Science,NED University,3.82,"Machine Learning, Python, Html, Css, Tableau, Excel",6,Marketing,Referral,17000,2025-04-10 17:53:00,https://www.linkedin.com/in/hira-baloch555,6,0.5
INT-10190,Nimra Siddiqui,nimra.siddiqui190@outlook.com,03241290253,21,Male,Nawabshah,Sindh,BS Information Technology,Bahria University,3.98,"Tableau, Power BI, Excel, Pandas",6,Data Analytics,University Portal,25000,2025-04-17 08:41:00,https://www.linkedin.com/in/nimra-siddiqui190,4,0.5
INT-10371,Sidra Syed,sidra.syed371@gmail.com,03211746985,22,Male,Peshawar,Khyber Pakhtunkhwa,BS Data Science,IBA Karachi,3.47,"Statistics, Excel, SQL, Html, Css, Pandas",10,Business Intelligence,Direct,22000,2025-03-24 12:52:00,https://www.linkedin.com/in/sidra-syed371,6,0.8
INT-20033,Muhammad Khan,muhammad.khan793@outlook.com,03385248565,23,Male,Islamabad,Islamabad Capital Territory,BS Software Engineering,University of Sindh,3.1,"Python, Html, Css, Statistics",12,Marketing,Direct,22000,2025-04-07 23:48:00,https://www.linkedin.com/in/muhammad-khan793,4,1.0
INT-10484,Shayan Shah,shayan.shah484@yahoo.com,03179005448,21,Male,Lahore,Punjab,BS Computer Science,COMSATS University,3.03,"Communication, Python",7,Data Analytics,Direct,33000,2025-04-29 11:28:00,https://www.linkedin.com/in/shayan-shah484,2,0.6
INT-10088,Iqra Siddiqui,iqra.siddiqui88@outlook.com,03223251376,20,Prefer not to say,Gujranwala,Punjab,BS Software Engineering,University of Karachi,3.45,"Python, Html, Css, Statistics, Power BI, Machine Learning, SQL",8,Data Analytics,Indeed,34000,2025-03-17 02:49:00,https://www.linkedin.com/in/iqra-siddiqui88,7,0.7
INT-10266,Shayan Malik,shayan.malik266@icloud.com,03234291032,29,Male,Islamabad,Islamabad Capital Territory,BS Computer Science,FAST NUCES,2.61,"SQL, Data Visualization, Python",9,Marketing,University Portal,28000,2025-04-11 12:39:00,https://www.linkedin.com/in/shayan-malik266,3,0.8
INT-10130,Hira Malik,hira.malik130@gmail.com,03378923263,26,Male,Gujranwala,Punjab,BS Data Science,LUMS,2.69,"Machine Learning, Excel, Power BI, Python",18,Software Development,Direct,35000,2025-03-16 10:33:00,https://www.linkedin.com/in/hira-malik130,4,1.5
INT-10171,Hamza Qureshi,hamza.qureshi171@gmail.com,03413485268,27,Female,Nawabshah,Sindh,BS Computer Science,NED University,3.68,"Machine Learning, Excel, Pandas",3,Marketing,Referral,31000,2025-03-14 22:46:00,Not Provided,3,0.2
INT-10104,Bilal Syed,bilal.syed104@outlook.com,03077718021,22,Male,Larkana,Sindh,BS Software Engineering,Not Provided,3.51,"Html, Css, Pandas, Data Visualization, Python",11,Data Analytics,Referral,22000,2025-04-04 18:52:00,https://www.linkedin.com/in/bilal-syed104,5,0.9
INT-10401,Muhammad Ansari,muhammad.ansari401@icloud.com,03034498556,24,Male,Peshawar,Khyber Pakhtunkhwa,BS Data Science,University of Karachi,2.83,"Communication, Git, Html, Css, Data Visualization, Statistics, Python",3,Finance,Indeed,12000,2025-04-05 04:11:00,https://www.linkedin.com/in/muhammad-ansari401,7,0.2
INT-10280,Ali Soomro,ali.soomro280@outlook.com,03149321792,31,Female,Rawalpindi,Punjab,BS Economics,Mehran University,2.84,"Machine Learning, Statistics, Power BI",3,Software Development,Indeed,24000,2025-04-17 14:13:00,https://www.linkedin.com/in/ali-soomro280,3,0.2
INT-10117,Rida Khan,rida.khan117@outlook.com,03498528261,21,Male,Hyderabad,Sindh,BS Computer Science,Bahria University,3.11,"Statistics, Power BI, Git",14,Product,Referral,33000,2025-04-28 18:21:00,https://www.linkedin.com/in/rida-khan117,3,1.2
INT-10147,Mahnoor Siddiqui,mahnoor.siddiqui147@outlook.com,03279492035,25,Male,Larkana,Sindh,BS Information Technology,IBA Karachi,2.97,"Html, Css, SQL, Excel, Data Visualization",31,Data Analytics,Internee.pk,50000,2025-04-04 21:44:00,https://www.linkedin.com/in/mahnoor-siddiqui147,5,2.6
INT-10662,Ali Siddiqui,ali.siddiqui662@gmail.com,03125562715,22,Female,Larkana,Sindh,BS Data Science,Punjab University,2.43,"Tableau, Data Visualization, Git, Python",11,Software Development,University Portal,29000,2025-04-11 16:56:00,https://www.linkedin.com/in/ali-siddiqui662,4,0.9
INT-10808,Hussain Shah,hussain.shah808@yahoo.com,03276021016,18,Male,Quetta,Balochistan,BS Software Engineering,University of Sindh,3.14,"Pandas, Python",3,Data Analytics,University Portal,30000,2025-03-23 05:42:00,https://www.linkedin.com/in/hussain-shah808,2,0.2
INT-10043,Talha Memon,talha.memon43@yahoo.com,03222251820,21,Female,Quetta,Balochistan,BS Computer Science,Bahria University,3.28,"Communication, SQL, Python, Power BI, Git",10,Software Development,Internee.pk,24000,2025-03-01 09:27:00,https://www.linkedin.com/in/talha-memon43,5,0.8
INT-10215,Usman Chandio,usman.chandio215@icloud.com,03362876800,21,Male,Quetta,Balochistan,BS Statistics,NUST,3.29,"SQL, Git",29,Software Development,LinkedIn,10000,2025-03-09 18:55:00,https://www.linkedin.com/in/usman-chandio215,2,2.4
INT-10852,Farhan Ansari,farhan.ansari852@yahoo.com,03354169891,22,Male,Multan,Punjab,BS Data Science,University of Karachi,3.27,"Power BI, Pandas, Git",2,Data Analytics,Referral,34000,2025-04-29 17:15:00,https://www.linkedin.com/in/farhan-ansari852,3,0.2
INT-10855,Noor Baloch,noor.baloch855@icloud.com,03431219526,20,Female,Lahore,Punjab,BS Information Technology,FAST NUCES,2.92,"Data Visualization, Git, Power BI, Html, Css, Machine Learning, Pandas",7,Data Analytics,University Portal,39000,2025-04-15 23:48:00,https://www.linkedin.com/in/noor-baloch855,7,0.6
INT-10060,Laiba Mirza,laiba.mirza60@icloud.com,03372874513,30,Female,Sukkur,Sindh,BBA,IBA Karachi,3.17,"Pandas, Html, Css, Data Visualization, SQL",5,Marketing,LinkedIn,38000,2025-03-27 06:22:00,https://www.linkedin.com/in/laiba-mirza60,5,0.4
INT-10251,Hamza Chandio,hamza.chandio251@gmail.com,03407926377,25,Male,Islamabad,Islamabad Capital Territory,BS Economics,LUMS,3.09,"Python, SQL, Communication, Statistics, Git, Html, Css",22,Marketing,LinkedIn,39000,2025-04-28 08:11:00,https://www.linkedin.com/in/hamza-chandio251,7,1.8
INT-10503,Danish Ansari,danish.ansari503@outlook.com,03022978398,24,Female,Rawalpindi,Punjab,BS Data Science,LUMS,2.91,"Pandas, Git",5,Marketing,Indeed,50000,2025-04-19 18:40:00,https://www.linkedin.com/in/danish-ansari503,2,0.4
INT-10328,Areeba Syed,areeba.syed328@gmail.com,03477799696,28,Female,Khairpur,Sindh,BS Information Technology,COMSATS University,3.25,"Html, Css, Data Visualization, Pandas, Git, Machine Learning, Power BI",13,Business Intelligence,LinkedIn,40000,2025-03-23 08:16:00,https://www.linkedin.com/in/areeba-syed328,7,1.1
INT-10573,Hamza Qureshi,hamza.qureshi573@gmail.com,Not Provided,25,Male,Rawalpindi,Punjab,BS Information Technology,Bahria University,2.72,"Tableau, Git, Statistics",17,Product,Internee.pk,47000,2025-03-19 12:32:00,https://www.linkedin.com/in/hamza-qureshi573,3,1.4
INT-10430,Rida Ali,rida.ali430@yahoo.com,Not Provided,25,Male,Rawalpindi,Punjab,BS Statistics,COMSATS University,3.09,"Python, Tableau, Git, Communication",23,Human Resources,Internee.pk,42000,2025-04-17 11:46:00,https://www.linkedin.com/in/rida-ali430,4,1.9
INT-10604,Shayan Shah,shayan.shah604@yahoo.com,03069421779,22,Female,Abbottabad,Khyber Pakhtunkhwa,BS Economics,LUMS,3.09,"Python, Communication, Data Visualization, Tableau",12,Data Analytics,LinkedIn,28000,2025-03-25 14:26:00,https://www.linkedin.com/in/shayan-shah604,4,1.0
INT-10245,Yasir Siddiqui,yasir.siddiqui245@yahoo.com,03258830122,26,Male,Mardan,Khyber Pakhtunkhwa,BS Information Technology,NED University,3.09,"Git, Pandas",20,Product,Referral,49000,2025-04-14 18:38:00,https://www.linkedin.com/in/yasir-siddiqui245,2,1.7
INT-10753,Sajid Shaikh,sajid.shaikh753@outlook.com,03257294780,23,Male,Multan,Punjab,BS Software Engineering,Not Provided,2.59,"Html, Css, Power BI, Statistics, Excel",4,Finance,Referral,37000,2025-03-28 21:49:00,https://www.linkedin.com/in/sajid-shaikh753,5,0.3
INT-10533,Hira Qureshi,hira.qureshi533@icloud.com,03382662420,26,Female,Lahore,Punjab,BS Data Science,COMSATS University,3.31,"Communication, Git, Data Visualization, Power BI, Tableau, Python",13,Finance,Indeed,54000,2025-03-18 18:24:00,https://www.linkedin.com/in/hira-qureshi533,6,1.1
INT-10490,Hira Ali,hira.ali490@outlook.com,Not Provided,26,Female,Mardan,Khyber Pakhtunkhwa,BS Information Technology,COMSATS University,3.38,"Pandas, Git, Power BI, Data Visualization, Statistics, Excel",3,Software Development,Direct,44000,2025-03-14 09:10:00,https://www.linkedin.com/in/hira-ali490,6,0.2
INT-10557,Danish Memon,danish.memon557@outlook.com,03266098685,21,Female,Islamabad,Islamabad Capital Territory,BS Information Technology,COMSATS University,3.22,"Statistics, Power BI, Html, Css",5,Data Analytics,Direct,30000,2025-03-19 11:56:00,https://www.linkedin.com/in/danish-memon557,4,0.4
INT-10360,Ali Siddiqui,ali.siddiqui360@gmail.com,03231573401,26,Female,Multan,Punjab,BS Computer Science,University of Karachi,2.76,"Python, SQL, Html, Css, Tableau, Statistics, Excel",17,Data Analytics,Indeed,32000,2025-03-06 00:24:00,https://www.linkedin.com/in/ali-siddiqui360,7,1.4
INT-10355,Shayan Mirza,shayan.mirza355@outlook.com,03217764111,22,Prefer not to say,Rawalpindi,Punjab,BS Computer Science,University of Sindh,4.0,"Tableau, Html, Css, Machine Learning, Pandas",3,Business Intelligence,Indeed,29000,2025-04-07 20:34:00,https://www.linkedin.com/in/shayan-mirza355,5,0.2
INT-10335,Shayan Baloch,shayan.baloch335@yahoo.com,03401409745,26,Male,Quetta,Balochistan,BS Computer Science,Bahria University,2.57,"Python, Statistics",3,Marketing,Referral,27000,2025-04-16 04:54:00,https://www.linkedin.com/in/shayan-baloch335,2,0.2
INT-10384,Usman Bhatti,usman.bhatti384@outlook.com,03062316092,23,Female,Sukkur,Sindh,BS Statistics,University of Karachi,2.78,"SQL, Python",2,Software Development,Indeed,17000,2025-03-24 12:29:00,https://www.linkedin.com/in/usman-bhatti384,2,0.2
INT-10789,Ahsan Shah,ahsan.shah789@icloud.com,03476003540,30,Male,Gujranwala,Punjab,BS Statistics,University of Karachi,3.34,"Pandas, Html, Css, Python, Tableau, Statistics",7,Marketing,Indeed,30000,2025-04-03 15:34:00,https://www.linkedin.com/in/ahsan-shah789,6,0.6
INT-10333,Sajid Ali,sajid.ali333@yahoo.com,03049626606,26,Male,Faisalabad,Punjab,BS Information Technology,Punjab University,3.39,"Machine Learning, Statistics, Excel, Python, Power BI, Tableau",10,Software Development,Internee.pk,28000,2025-03-02 03:13:00,https://www.linkedin.com/in/sajid-ali333,6,0.8
INT-10671,Areeba Ansari,areeba.ansari671@gmail.com,03419810534,23,Female,Gujranwala,Punjab,BS Information Technology,COMSATS University,2.41,"Tableau, Excel, Python",17,Software Development,Direct,15000,2025-04-08 02:12:00,https://www.linkedin.com/in/areeba-ansari671,3,1.4
INT-10112,Noor Rind,noor.rind112@icloud.com,03206428906,24,Female,Hyderabad,Sindh,BS Information Technology,FAST NUCES,3.3,"Git, Power BI, Python, Pandas",10,Data Analytics,Indeed,56000,2025-04-22 13:12:00,https://www.linkedin.com/in/noor-rind112,4,0.8
INT-10684,Hira Baloch,hira.baloch684@gmail.com,03136483003,24,Prefer not to say,Gujranwala,Punjab,BS Data Science,Bahria University,2.46,"Git, Communication, Machine Learning, Statistics",2,Product,University Portal,26000,2025-03-16 09:14:00,https://www.linkedin.com/in/hira-baloch684,4,0.2
INT-10122,Farhan Shaikh,farhan.shaikh122@icloud.com,03462243026,18,Female,Quetta,Balochistan,BS Information Technology,Not Provided,3.51,"Data Visualization, Statistics, Python, Html, Css",2,Software Development,LinkedIn,23000,2025-04-21 16:57:00,https://www.linkedin.com/in/farhan-shaikh122,5,0.2
INT-10359,Ali Rajput,ali.rajput359@gmail.com,03170004811,25,Female,Larkana,Sindh,BS Information Technology,NED University,2.27,"Tableau, Excel",18,Software Development,Direct,24000,2025-04-24 05:06:00,https://www.linkedin.com/in/ali-rajput359,2,1.5
INT-10220,Zara Rajput,zara.rajput220@yahoo.com,03402991474,26,Female,Hyderabad,Sindh,BS Information Technology,Bahria University,2.89,"SQL, Power BI, Git, Data Visualization, Communication, Statistics",8,Software Development,Internee.pk,28000,2025-04-02 14:35:00,https://www.linkedin.com/in/zara-rajput220,6,0.7
INT-10267,Hamza Shaikh,hamza.shaikh267@outlook.com,03376958778,23,Male,Sukkur,Sindh,BS Data Science,Punjab University,2.77,"Tableau, Machine Learning, Power BI, Communication",5,Data Analytics,LinkedIn,31000,2025-04-17 04:44:00,https://www.linkedin.com/in/hamza-shaikh267,4,0.4
INT-10548,Shayan Abbasi,shayan.abbasi548@outlook.com,03168190245,28,Male,Rawalpindi,Punjab,BS Computer Science,Bahria University,2.88,"Html, Css, Git, SQL",32,Data Analytics,University Portal,18000,2025-04-10 08:08:00,https://www.linkedin.com/in/shayan-abbasi548,4,2.7
INT-10747,Iqra Qureshi,iqra.qureshi747@icloud.com,03248784907,31,Male,Nawabshah,Sindh,BS Statistics,Bahria University,3.93,"Data Visualization, Git, Power BI, Excel, Html, Css",10,Data Analytics,Referral,20000,2025-04-13 09:06:00,https://www.linkedin.com/in/iqra-qureshi747,6,0.8
INT-10323,Zara Shaikh,zara.shaikh323@icloud.com,03281643864,23,Male,Sukkur,Sindh,BS Software Engineering,FAST NUCES,3.15,"Git, Tableau, Power BI, Pandas, SQL, Excel",4,Software Development,Referral,30000,2025-04-27 21:59:00,https://www.linkedin.com/in/zara-shaikh323,6,0.3
INT-10143,Zain Syed,zain.syed143@gmail.com,03316278571,24,Prefer not to say,Multan,Punjab,BS Software Engineering,NED University,3.69,"Machine Learning, Pandas, Excel, Data Visualization",9,Product,LinkedIn,19000,2025-04-19 15:47:00,https://www.linkedin.com/in/zain-syed143,4,0.8
INT-10524,Sana Khan,sana.khan524@gmail.com,03259501946,23,Male,Khairpur,Sindh,BS Economics,NED University,3.23,"Python, Tableau",0,Software Development,University Portal,27000,2025-03-06 02:03:00,https://www.linkedin.com/in/sana-khan524,2,0.0
INT-10495,Sidra Syed,sidra.syed495@gmail.com,03253530386,28,Male,Islamabad,Islamabad Capital Territory,BS Information Technology,LUMS,3.42,"SQL, Html, Css, Git",10,Business Intelligence,LinkedIn,33000,2025-03-04 05:34:00,Not Provided,4,0.8
INT-10477,Mahnoor Malik,mahnoor.malik477@outlook.com,Not Provided,23,Male,Karachi,Sindh,BS Data Science,Mehran University,3.14,"Communication, Excel, SQL, Git, Html, Css, Power BI",21,Product,Indeed,37000,2025-03-18 02:39:00,https://www.linkedin.com/in/mahnoor-malik477,7,1.8
INT-10807,Zain Shaikh,zain.shaikh807@gmail.com,03276480326,22,Male,Hyderabad,Sindh,BS Information Technology,Mehran University,3.44,"Html, Css, Data Visualization, SQL, Git",1,Software Development,Internee.pk,27000,2025-04-30 05:31:00,https://www.linkedin.com/in/zain-shaikh807,5,0.1
INT-10022,Hira Shah,hira.shah22@outlook.com,03171211798,26,Male,Rawalpindi,Punjab,BS Computer Science,NUST,3.32,"Machine Learning, Git, Data Visualization, Tableau, Html, Css, Python",4,Software Development,Referral,13000,2025-03-25 08:10:00,https://www.linkedin.com/in/hira-shah22,7,0.3
INT-10658,Hussain Ansari,hussain.ansari658@yahoo.com,03099674924,20,Female,Sukkur,Sindh,BS Information Technology,Mehran University,2.79,"Power BI, Statistics, Html, Css",12,Business Intelligence,Indeed,36000,2025-04-07 06:47:00,https://www.linkedin.com/in/hussain-ansari658,4,1.0
INT-10053,Ali Memon,ali.memon53@outlook.com,03297329541,27,Female,Islamabad,Islamabad Capital Territory,BS Information Technology,Mehran University,3.35,"Excel, Data Visualization, Tableau, Communication, Html, Css, Machine Learning",8,Data Analytics,Indeed,43000,2025-04-16 11:19:00,https://www.linkedin.com/in/ali-memon53,7,0.7
INT-10606,Ahsan Chandio,ahsan.chandio606@gmail.com,03222171985,21,Female,Karachi,Sindh,BS Computer Science,Not Provided,3.19,"Power BI, Pandas, Communication, Html, Css, Excel",7,Business Intelligence,Indeed,34000,2025-04-03 21:45:00,https://www.linkedin.com/in/ahsan-chandio606,6,0.6
INT-10393,Sajid Ahmed,sajid.ahmed393@icloud.com,03321744300,31,Female,Khairpur,Sindh,BBA,Mehran University,2.79,"Excel, Tableau, Html, Css",21,Data Analytics,Referral,34000,2025-04-08 06:47:00,https://www.linkedin.com/in/sajid-ahmed393,4,1.8
INT-10261,Zain Chandio,zain.chandio261@icloud.com,03294091797,23,Female,Rawalpindi,Punjab,BS Information Technology,University of Karachi,3.37,"Pandas, Communication, Html, Css, Git, Python",8,Finance,University Portal,28000,2025-03-14 12:10:00,https://www.linkedin.com/in/zain-chandio261,6,0.7
INT-10634,Ali Memon,ali.memon634@yahoo.com,03162418986,21,Male,Larkana,Sindh,BS Information Technology,Mehran University,2.92,"Data Visualization, Excel, Power BI, Python, Pandas, Communication",11,Software Development,Referral,29000,2025-04-03 04:09:00,https://www.linkedin.com/in/ali-memon634,6,0.9
INT-10577,Zara Ahmed,zara.ahmed577@icloud.com,03100081723,23,Male,Nawabshah,Sindh,BS Data Science,NED University,2.51,"Communication, Statistics",3,Software Development,Indeed,21000,2025-04-19 22:02:00,https://www.linkedin.com/in/zara-ahmed577,2,0.2
INT-10331,Saad Rind,saad.rind331@icloud.com,03430853790,25,Female,Faisalabad,Punjab,BS Computer Science,Punjab University,2.89,"Git, Communication, Statistics, Tableau",20,Finance,Direct,34000,2025-04-11 02:06:00,https://www.linkedin.com/in/saad-rind331,4,1.7
INT-10395,Iqra Bhatti,iqra.bhatti395@icloud.com,03095804622,24,Female,Hyderabad,Sindh,BS Statistics,University of Sindh,3.73,"Excel, Power BI, Data Visualization, Git, Statistics, Communication",0,Marketing,Direct,29000,2025-03-14 08:33:00,https://www.linkedin.com/in/iqra-bhatti395,6,0.0
INT-10163,Hira Khan,hira.khan163@yahoo.com,03444213971,26,Male,Khairpur,Sindh,BS Software Engineering,Mehran University,3.72,"Html, Css, Python, Excel, SQL",4,Business Intelligence,Referral,44000,2025-04-29 10:21:00,https://www.linkedin.com/in/hira-khan163,5,0.3
INT-10260,Sidra Syed,sidra.syed260@yahoo.com,03026030936,25,Female,Mardan,Khyber Pakhtunkhwa,BS Statistics,FAST NUCES,3.43,"Pandas, Machine Learning, Power BI, Statistics, Git, Excel",2,Software Development,Referral,20000,2025-03-28 03:22:00,https://www.linkedin.com/in/sidra-syed260,6,0.2
INT-10675,Iqra Shaikh,iqra.shaikh675@gmail.com,03474733701,24,Female,Gujranwala,Punjab,BS Computer Science,FAST NUCES,3.09,"SQL, Statistics, Machine Learning, Communication, Html, Css, Power BI",14,Marketing,Direct,12000,2025-04-25 10:44:00,https://www.linkedin.com/in/iqra-shaikh675,7,1.2
INT-10831,Hussain Qureshi,hussain.qureshi831@icloud.com,03410356955,25,Male,Rawalpindi,Punjab,BS Data Science,Punjab University,2.9,"Pandas, Communication, Power BI, Python",5,Data Analytics,University Portal,22000,2025-03-16 03:15:00,https://www.linkedin.com/in/hussain-qureshi831,4,0.4
INT-10833,Nimra Malik,nimra.malik833@yahoo.com,03287144127,29,Female,Sukkur,Sindh,BS Computer Science,NED University,3.43,"Statistics, Data Visualization, Git",16,Product,Internee.pk,38000,2025-04-12 12:26:00,https://www.linkedin.com/in/nimra-malik833,3,1.3
INT-10758,Hussain Rajput,hussain.rajput758@yahoo.com,03179228271,27,Prefer not to say,Karachi,Sindh,BBA,NUST,3.04,"Statistics, Git, Excel, Tableau",3,Software Development,Indeed,34000,2025-03-10 16:04:00,https://www.linkedin.com/in/hussain-rajput758,4,0.2
INT-10281,Muhammad Qureshi,muhammad.qureshi281@gmail.com,03150745265,20,Female,Larkana,Sindh,BS Data Science,Bahria University,3.69,"Python, Statistics, Communication, Data Visualization",4,Data Analytics,LinkedIn,11000,2025-04-23 23:01:00,https://www.linkedin.com/in/muhammad-qureshi281,4,0.3
INT-10382,Laiba Siddiqui,laiba.siddiqui382@icloud.com,03483916482,25,Female,Faisalabad,Punjab,BS Software Engineering,NUST,3.14,"Communication, Git, Machine Learning, Power BI",5,Marketing,Indeed,35000,2025-04-11 09:41:00,https://www.linkedin.com/in/laiba-siddiqui382,4,0.4
INT-10834,Muhammad Ahmed,muhammad.ahmed834@outlook.com,03375338510,27,Male,Nawabshah,Sindh,BS Computer Science,University of Karachi,2.74,"Pandas, Git, SQL, Machine Learning, Excel, Tableau",12,Business Intelligence,Indeed,24000,2025-03-29 15:40:00,Not Provided,6,1.0
INT-10647,Nimra Memon,nimra.memon647@outlook.com,03470568648,26,Female,Quetta,Balochistan,BS Computer Science,FAST NUCES,2.43,"Machine Learning, Communication",10,Human Resources,Internee.pk,33000,2025-03-29 12:21:00,https://www.linkedin.com/in/nimra-memon647,2,0.8
INT-10385,Shayan Baloch,shayan.baloch385@gmail.com,03497720456,24,Male,Faisalabad,Punjab,BS Information Technology,NUST,3.56,"Tableau, Pandas, Python, Machine Learning, Communication, Statistics",3,Data Analytics,Internee.pk,25000,2025-04-15 22:48:00,https://www.linkedin.com/in/shayan-baloch385,6,0.2
INT-10370,Ahsan Siddiqui,ahsan.siddiqui370@yahoo.com,03034433370,23,Male,Gujranwala,Punjab,BS Information Technology,IBA Karachi,2.58,"Data Visualization, Statistics, Power BI, Communication, Html, Css",16,Business Intelligence,Referral,42000,2025-04-16 12:27:00,https://www.linkedin.com/in/ahsan-siddiqui370,6,1.3
INT-10733,Sidra Baloch,sidra.baloch733@yahoo.com,03438555805,30,Female,Hyderabad,Sindh,BS Statistics,University of Karachi,3.08,"Statistics, Pandas, Python, Power BI, Excel",28,Human Resources,Direct,38000,2025-04-22 07:06:00,https://www.linkedin.com/in/sidra-baloch733,5,2.3
INT-10346,Sana Ansari,sana.ansari346@icloud.com,03323963968,24,Male,Hyderabad,Sindh,BS Computer Science,Punjab University,2.45,"Statistics, Python, Machine Learning, Excel, Communication",7,Human Resources,Referral,14000,2025-03-23 16:51:00,https://www.linkedin.com/in/sana-ansari346,5,0.6
INT-10821,Areeba Ahmed,areeba.ahmed821@icloud.com,03280216717,22,Female,Abbottabad,Khyber Pakhtunkhwa,BS Economics,University of Sindh,3.31,Not Specified,11,Product,Indeed,41000,2025-04-24 13:46:00,https://www.linkedin.com/in/areeba-ahmed821,0,0.9
INT-10688,Fatima Malik,fatima.malik688@outlook.com,03223887992,28,Male,Islamabad,Islamabad Capital Territory,BS Software Engineering,Not Provided,3.12,"Communication, Tableau",14,Business Intelligence,Referral,28000,2025-04-17 14:30:00,https://www.linkedin.com/in/fatima-malik688,2,1.2
INT-10818,Nimra Siddiqui,nimra.siddiqui818@gmail.com,03014028361,24,Male,Rawalpindi,Punjab,BS Information Technology,COMSATS University,2.78,"Tableau, Machine Learning, Data Visualization",12,Marketing,Internee.pk,35000,2025-03-18 04:51:00,https://www.linkedin.com/in/nimra-siddiqui818,3,1.0
INT-10466,Muhammad Mirza,muhammad.mirza466@gmail.com,03125961919,18,Female,Gujranwala,Punjab,BS Economics,NED University,2.59,"Data Visualization, SQL",5,Product,LinkedIn,17000,2025-03-23 22:46:00,https://www.linkedin.com/in/muhammad-mirza466,2,0.4
INT-10845,Sajid Abbasi,sajid.abbasi845@gmail.com,03003849581,26,Male,Lahore,Punjab,BS Information Technology,IBA Karachi,2.65,"Python, Git, Pandas",2,Product,Direct,41000,2025-04-10 06:52:00,https://www.linkedin.com/in/sajid-abbasi845,3,0.2
INT-10584,Hussain Bhatti,hussain.bhatti584@yahoo.com,03466422904,22,Male,Quetta,Balochistan,BS Information Technology,Shah Abdul Latif University,2.92,"Data Visualization, Html, Css, Git, Statistics, Machine Learning",6,Business Intelligence,University Portal,18000,2025-04-03 16:11:00,https://www.linkedin.com/in/hussain-bhatti584,6,0.5
INT-10593,Fatima Khan,fatima.khan593@yahoo.com,03338438203,31,Male,Larkana,Sindh,BBA,Shah Abdul Latif University,3.09,"Python, Power BI, SQL, Data Visualization, Git",9,Human Resources,Referral,22000,2025-04-16 00:17:00,https://www.linkedin.com/in/fatima-khan593,5,0.8
INT-10048,Sajid Ahmed,sajid.ahmed48@yahoo.com,03365658410,25,Male,Khairpur,Sindh,BS Computer Science,Mehran University,3.14,"Tableau, SQL, Pandas, Power BI",9,Product,Direct,28000,2025-03-05 12:44:00,https://www.linkedin.com/in/sajid-ahmed48,4,0.8
INT-10414,Ahsan Siddiqui,ahsan.siddiqui414@yahoo.com,03335477879,26,Male,Sukkur,Sindh,BS Information Technology,LUMS,3.28,"Data Visualization, Html, Css, Tableau",1,Business Intelligence,Internee.pk,59000,2025-03-24 06:02:00,https://www.linkedin.com/in/ahsan-siddiqui414,4,0.1
INT-20023,Hamza Ali,hamza.ali312@gmail.com,03180869308,27,Female,Karachi,Sindh,BS Computer Science,Bahria University,3.46,"Data Visualization, Git, Machine Learning",10,Human Resources,LinkedIn,45000,2025-03-26 02:18:00,https://www.linkedin.com/in/hamza-ali312,3,0.8
INT-10203,Zara Memon,zara.memon203@yahoo.com,03138457980,24,Prefer not to say,Hyderabad,Sindh,BS Information Technology,Mehran University,2.65,"Machine Learning, Git, Communication",13,Marketing,Referral,18000,2025-04-23 09:34:00,https://www.linkedin.com/in/zara-memon203,3,1.1
INT-10762,Bilal Abbasi,bilal.abbasi762@outlook.com,03476445919,24,Female,Islamabad,Islamabad Capital Territory,BS Information Technology,LUMS,2.4,"Python, Excel",6,Human Resources,University Portal,16000,2025-04-29 16:21:00,https://www.linkedin.com/in/bilal-abbasi762,2,0.5
INT-10809,Fatima Ahmed,fatima.ahmed809@gmail.com,03164523736,29,Male,Hyderabad,Sindh,BS Computer Science,NUST,2.17,"SQL, Html, Css, Power BI, Excel",17,Software Development,Internee.pk,11000,2025-03-12 17:19:00,https://www.linkedin.com/in/fatima-ahmed809,5,1.4
INT-10242,Ali Syed,ali.syed242@gmail.com,03014936533,20,Male,Hyderabad,Sindh,BS Economics,LUMS,3.86,"Python, SQL, Pandas, Machine Learning, Statistics, Communication",8,Business Intelligence,University Portal,17000,2025-04-07 17:33:00,https://www.linkedin.com/in/ali-syed242,6,0.7
INT-10421,Areeba Khan,areeba.khan421@icloud.com,03442116532,25,Female,Quetta,Balochistan,BS Information Technology,LUMS,2.66,"Data Visualization, Git, Python, Machine Learning, SQL",7,Software Development,LinkedIn,26000,2025-04-12 01:13:00,https://www.linkedin.com/in/areeba-khan421,5,0.6
INT-10366,Hira Bhatti,hira.bhatti366@yahoo.com,03492844113,25,Female,Larkana,Sindh,BS Statistics,IBA Karachi,3.1,"Statistics, Html, Css, SQL, Communication, Machine Learning, Tableau",15,Data Analytics,University Portal,30000,2025-04-26 00:00:00,https://www.linkedin.com/in/hira-bhatti366,7,1.2
INT-10327,Sidra Malik,sidra.malik327@gmail.com,03398745295,24,Male,Multan,Punjab,BS Data Science,Punjab University,3.46,"Statistics, Git, Data Visualization, Machine Learning, Excel, Pandas",1,Finance,LinkedIn,46000,2025-03-16 06:59:00,https://www.linkedin.com/in/sidra-malik327,6,0.1
INT-10860,Muhammad Rind,muhammad.rind860@gmail.com,03496088920,21,Male,Hyderabad,Sindh,BBA,Bahria University,4.0,"Statistics, Git",1,Marketing,University Portal,46000,2025-03-18 19:10:00,https://www.linkedin.com/in/muhammad-rind860,2,0.1
INT-10322,Sana Baloch,sana.baloch322@gmail.com,03385300733,24,Female,Islamabad,Islamabad Capital Territory,BS Statistics,Bahria University,3.9,"Excel, Data Visualization",11,Data Analytics,Indeed,32000,2025-03-19 20:26:00,https://www.linkedin.com/in/sana-baloch322,2,0.9
INT-10592,Zara Chandio,zara.chandio592@icloud.com,03460127924,19,Male,Faisalabad,Punjab,BBA,Mehran University,3.46,"Power BI, Machine Learning, Git, Statistics, Html, Css, Data Visualization",5,Software Development,LinkedIn,17000,2025-03-24 06:25:00,https://www.linkedin.com/in/zara-chandio592,7,0.4
INT-10256,Saad Syed,saad.syed256@outlook.com,03106993749,28,Male,Islamabad,Islamabad Capital Territory,BS Statistics,Punjab University,3.29,"Power BI, Git",1,Data Analytics,University Portal,26000,2025-04-17 12:06:00,https://www.linkedin.com/in/saad-syed256,2,0.1
INT-10479,Eman Ansari,eman.ansari479@outlook.com,03048206298,22,Male,Gujranwala,Punjab,BS Computer Science,University of Sindh,3.19,"Data Visualization, SQL, Git, Excel, Machine Learning, Python",11,Marketing,LinkedIn,23000,2025-03-16 20:43:00,https://www.linkedin.com/in/eman-ansari479,6,0.9
INT-10568,Yasir Ansari,yasir.ansari568@yahoo.com,03382435288,24,Female,Faisalabad,Punjab,BS Information Technology,Mehran University,2.58,"Statistics, Power BI, Html, Css",9,Business Intelligence,Indeed,36000,2025-03-07 14:41:00,https://www.linkedin.com/in/yasir-ansari568,4,0.8
INT-10419,Rida Chandio,rida.chandio419@gmail.com,03486814964,28,Female,Faisalabad,Punjab,BS Computer Science,LUMS,2.96,"Machine Learning, Excel, SQL, Html, Css",7,Marketing,LinkedIn,20000,2025-03-06 15:35:00,https://www.linkedin.com/in/rida-chandio419,5,0.6
INT-10291,Hira Baloch,hira.baloch291@yahoo.com,03062619568,18,Male,Islamabad,Islamabad Capital Territory,BS Information Technology,LUMS,3.73,"Python, Html, Css, SQL, Excel, Machine Learning",8,Data Analytics,Internee.pk,31000,2025-03-21 14:44:00,https://www.linkedin.com/in/hira-baloch291,6,0.7
INT-10218,Talha Rajput,talha.rajput218@outlook.com,Not Provided,24,Female,Nawabshah,Sindh,BS Software Engineering,Bahria University,3.22,"Excel, Data Visualization",15,Software Development,Direct,43000,2025-04-13 19:59:00,https://www.linkedin.com/in/talha-rajput218,2,1.2
INT-10541,Hamza Rajput,hamza.rajput541@icloud.com,03182948685,24,Male,Karachi,Sindh,BS Information Technology,Not Provided,3.35,"Data Visualization, Html, Css, Git, SQL, Statistics",12,Software Development,Indeed,39000,2025-03-19 23:28:00,https://www.linkedin.com/in/hamza-rajput541,6,1.0
INT-10412,Bilal Ansari,bilal.ansari412@gmail.com,03478145405,27,Male,Islamabad,Islamabad Capital Territory,BS Software Engineering,FAST NUCES,3.38,"Python, Git, Statistics, Excel, Html, Css",1,Software Development,University Portal,45000,2025-03-04 09:15:00,https://www.linkedin.com/in/bilal-ansari412,6,0.1
INT-10362,Hamza Soomro,hamza.soomro362@yahoo.com,Not Provided,24,Male,Faisalabad,Punjab,BS Information Technology,University of Sindh,2.64,"Tableau, Pandas, Git, SQL, Statistics, Data Visualization",7,Data Analytics,Internee.pk,17000,2025-04-30 05:11:00,https://www.linkedin.com/in/hamza-soomro362,6,0.6
INT-10437,Zain Mirza,zain.mirza437@outlook.com,03282550128,28,Female,Hyderabad,Sindh,BS Economics,University of Sindh,2.28,"Communication, Python, Pandas, Tableau, Statistics, Power BI",11,Finance,Internee.pk,32000,2025-04-14 17:41:00,https://www.linkedin.com/in/zain-mirza437,6,0.9
INT-10613,Rida Abbasi,rida.abbasi613@outlook.com,03449564093,25,Male,Islamabad,Islamabad Capital Territory,BS Information Technology,FAST NUCES,2.66,"Communication, Data Visualization, Statistics, Tableau, Power BI, Pandas",1,Marketing,LinkedIn,19000,2025-03-26 06:31:00,https://www.linkedin.com/in/rida-abbasi613,6,0.1
INT-10462,Hamza Baloch,hamza.baloch462@gmail.com,03221643986,22,Female,Mardan,Khyber Pakhtunkhwa,BS Information Technology,University of Karachi,3.28,"Git, Python, Data Visualization, Power BI",12,Data Analytics,LinkedIn,31000,2025-04-07 10:16:00,Not Provided,4,1.0
INT-10443,Zara Ali,zara.ali443@outlook.com,03319494820,33,Prefer not to say,Sukkur,Sindh,BS Software Engineering,LUMS,3.14,"Excel, Power BI, Html, Css, Pandas, Communication",7,Finance,University Portal,32000,2025-04-17 09:01:00,https://www.linkedin.com/in/zara-ali443,6,0.6
INT-10553,Ali Soomro,ali.soomro553@yahoo.com,03369082734,28,Male,Larkana,Sindh,BBA,NED University,2.64,"SQL, Pandas, Excel, Statistics",2,Data Analytics,Indeed,19000,2025-04-28 13:00:00,https://www.linkedin.com/in/ali-soomro553,4,0.2
INT-10702,Hussain Ansari,hussain.ansari702@outlook.com,03308217038,25,Male,Islamabad,Islamabad Capital Territory,BS Software Engineering,LUMS,3.0,"Data Visualization, Power BI",11,Data Analytics,Indeed,41000,2025-03-12 08:23:00,https://www.linkedin.com/in/hussain-ansari702,2,0.9
INT-10308,Sana Rajput,sana.rajput308@yahoo.com,03314370002,30,Male,Sukkur,Sindh,BS Data Science,COMSATS University,2.73,"SQL, Html, Css, Communication",19,Data Analytics,LinkedIn,28000,2025-04-20 04:34:00,https://www.linkedin.com/in/sana-rajput308,4,1.6
INT-10174,Farhan Shaikh,farhan.shaikh174@gmail.com,03267514938,25,Female,Larkana,Sindh,BBA,FAST NUCES,3.03,"Pandas, Python, Communication, Data Visualization, Machine Learning",10,Data Analytics,University Portal,25000,2025-03-10 00:21:00,https://www.linkedin.com/in/farhan-shaikh174,5,0.8
INT-10719,Sajid Ali,sajid.ali719@icloud.com,03270271713,29,Male,Peshawar,Khyber Pakhtunkhwa,BS Computer Science,LUMS,2.74,"Communication, Pandas, Python, Machine Learning, Git",11,Software Development,Direct,32000,2025-03-19 16:34:00,https://www.linkedin.com/in/sajid-ali719,5,0.9
INT-10857,Rida Chandio,rida.chandio857@yahoo.com,03489096576,27,Male,Hyderabad,Sindh,BS Statistics,Bahria University,2.69,"Html, Css, Communication, Statistics",22,Software Development,Referral,28000,2025-04-01 22:00:00,https://www.linkedin.com/in/rida-chandio857,4,1.8
INT-10445,Sidra Abbasi,sidra.abbasi445@outlook.com,03148687596,26,Male,Sukkur,Sindh,BS Economics,NUST,3.0,"Html, Css, Communication",8,Software Development,University Portal,23000,2025-03-22 07:55:00,https://www.linkedin.com/in/sidra-abbasi445,3,0.7
INT-10494,Sana Syed,sana.syed494@gmail.com,03119002215,28,Female,Rawalpindi,Punjab,BS Computer Science,University of Sindh,3.29,"Statistics, Pandas, Data Visualization, Power BI",3,Business Intelligence,Indeed,42000,2025-04-09 08:38:00,https://www.linkedin.com/in/sana-syed494,4,0.2
INT-10270,Talha Siddiqui,talha.siddiqui270@outlook.com,03000475475,29,Male,Hyderabad,Sindh,BS Computer Science,Not Provided,3.01,"Tableau, Excel, SQL, Communication",9,Marketing,Indeed,33000,2025-04-21 21:51:00,https://www.linkedin.com/in/talha-siddiqui270,4,0.8
INT-10531,Nimra Ansari,nimra.ansari531@gmail.com,03126266920,24,Female,Mardan,Khyber Pakhtunkhwa,BS Computer Science,IBA Karachi,2.99,"Statistics, Python, SQL, Excel, Html, Css, Data Visualization",34,Software Development,Internee.pk,53000,2025-03-22 22:33:00,https://www.linkedin.com/in/nimra-ansari531,7,2.8
INT-10848,Eman Ali,eman.ali848@yahoo.com,03345014837,22,Male,Faisalabad,Punjab,BS Information Technology,Mehran University,3.48,Not Specified,12,Data Analytics,University Portal,28000,2025-04-28 10:34:00,https://www.linkedin.com/in/eman-ali848,0,1.0
INT-10470,Mariam Soomro,mariam.soomro470@outlook.com,03271705995,20,Female,Multan,Punjab,BS Data Science,Punjab University,3.41,Not Specified,15,Software Development,Indeed,44000,2025-04-08 08:51:00,https://www.linkedin.com/in/mariam-soomro470,0,1.2
INT-10449,Iqra Ahmed,iqra.ahmed449@yahoo.com,03000212930,25,Female,Multan,Punjab,BS Data Science,COMSATS University,3.31,"Tableau, Communication, Python, Excel",2,Data Analytics,Internee.pk,26000,2025-03-26 05:04:00,https://www.linkedin.com/in/iqra-ahmed449,4,0.2
INT-10513,Hamza Rind,hamza.rind513@outlook.com,03138942137,22,Prefer not to say,Islamabad,Islamabad Capital Territory,BS Computer Science,Mehran University,3.27,"Communication, Html, Css, Tableau, Power BI, Pandas",8,Product,Indeed,29000,2025-04-11 15:54:00,https://www.linkedin.com/in/hamza-rind513,6,0.7
INT-10828,Zara Ansari,zara.ansari828@outlook.com,03165322647,26,Male,Faisalabad,Punjab,BS Information Technology,NUST,3.51,"Html, Css, Pandas, Communication, Power BI",3,Software Development,University Portal,57000,2025-04-16 22:42:00,https://www.linkedin.com/in/zara-ansari828,5,0.2
INT-10326,Farhan Abbasi,farhan.abbasi326@yahoo.com,03468974730,25,Female,Karachi,Sindh,BS Statistics,NUST,3.24,"SQL, Statistics",14,Data Analytics,Referral,10000,2025-04-11 08:50:00,https://www.linkedin.com/in/farhan-abbasi326,2,1.2
INT-10284,Sana Qureshi,sana.qureshi284@yahoo.com,Not Provided,26,Female,Islamabad,Islamabad Capital Territory,BS Statistics,University of Sindh,3.09,Not Specified,3,Product,LinkedIn,20000,2025-03-28 11:09:00,https://www.linkedin.com/in/sana-qureshi284,0,0.2
INT-10238,Saad Rind,saad.rind238@outlook.com,03361758590,27,Male,Khairpur,Sindh,BS Statistics,Mehran University,2.76,"Statistics, SQL, Python",8,Data Analytics,Internee.pk,47000,2025-03-04 02:09:00,https://www.linkedin.com/in/saad-rind238,3,0.7
INT-10206,Iqra Jatoi,iqra.jatoi206@outlook.com,03242218225,24,Male,Sukkur,Sindh,BS Information Technology,NED University,2.79,"Git, Power BI, SQL, Excel, Data Visualization",5,Data Analytics,University Portal,32000,2025-04-01 18:28:00,https://www.linkedin.com/in/iqra-jatoi206,5,0.4
INT-10520,Sana Rind,sana.rind520@outlook.com,03071863085,22,Male,Khairpur,Sindh,BS Data Science,FAST NUCES,3.76,"Pandas, Machine Learning, SQL, Data Visualization, Tableau, Html, Css",5,Data Analytics,Referral,54000,2025-03-01 18:55:00,Not Provided,7,0.4
INT-10046,Shayan Rind,shayan.rind46@gmail.com,03432541468,27,Female,Nawabshah,Sindh,BS Computer Science,IBA Karachi,2.57,"Statistics, Python, Power BI, Tableau, Excel",6,Data Analytics,University Portal,22000,2025-03-26 23:11:00,https://www.linkedin.com/in/shayan-rind46,5,0.5
INT-10599,Noor Qureshi,noor.qureshi599@yahoo.com,Not Provided,25,Female,Hyderabad,Sindh,BS Economics,Shah Abdul Latif University,2.96,"Power BI, Machine Learning, Data Visualization",8,Business Intelligence,Indeed,31000,2025-03-23 22:57:00,https://www.linkedin.com/in/noor-qureshi599,3,0.7
INT-10105,Yasir Ali,yasir.ali105@yahoo.com,03027472074,28,Male,Khairpur,Sindh,BS Software Engineering,Punjab University,3.32,"Git, Tableau",7,Marketing,Direct,23000,2025-04-30 03:57:00,https://www.linkedin.com/in/yasir-ali105,2,0.6
INT-10560,Mariam Shaikh,mariam.shaikh560@yahoo.com,03453049498,28,Male,Larkana,Sindh,BS Software Engineering,Shah Abdul Latif University,3.41,"Excel, Data Visualization",10,Marketing,Indeed,30000,2025-04-22 23:09:00,https://www.linkedin.com/in/mariam-shaikh560,2,0.8
INT-10066,Areeba Malik,areeba.malik66@outlook.com,03309876582,24,Male,Khairpur,Sindh,BS Information Technology,COMSATS University,3.9,"Excel, SQL, Git",28,Software Development,Internee.pk,34000,2025-03-22 00:18:00,https://www.linkedin.com/in/areeba-malik66,3,2.3
INT-10453,Iqra Rind,iqra.rind453@yahoo.com,03292063240,21,Female,Karachi,Sindh,BS Statistics,NED University,2.73,"Machine Learning, Html, Css, SQL, Python, Statistics, Communication",15,Data Analytics,Referral,35000,2025-03-28 22:48:00,https://www.linkedin.com/in/iqra-rind453,7,1.2
INT-10055,Iqra Rajput,iqra.rajput55@yahoo.com,03336365669,25,Male,Islamabad,Islamabad Capital Territory,BBA,FAST NUCES,3.09,"Html, Css, Data Visualization, Excel, Git",18,Product,Referral,59000,2025-03-30 15:05:00,https://www.linkedin.com/in/iqra-rajput55,5,1.5
INT-10398,Eman Malik,eman.malik398@outlook.com,03315117167,27,Female,Karachi,Sindh,BS Economics,NED University,3.13,"Statistics, Data Visualization, Power BI, Communication",25,Software Development,LinkedIn,52000,2025-04-03 11:51:00,https://www.linkedin.com/in/eman-malik398,4,2.1
INT-10318,Iqra Shaikh,iqra.shaikh318@icloud.com,03105837704,29,Female,Rawalpindi,Punjab,BS Information Technology,LUMS,2.93,"Pandas, Communication, Git, Power BI, Tableau",16,Data Analytics,Internee.pk,24000,2025-04-24 04:29:00,https://www.linkedin.com/in/iqra-shaikh318,5,1.3
INT-10342,Ahsan Abbasi,ahsan.abbasi342@yahoo.com,03170825410,30,Male,Islamabad,Islamabad Capital Territory,BS Information Technology,FAST NUCES,3.27,Not Specified,13,Product,Referral,10000,2025-03-26 14:10:00,https://www.linkedin.com/in/ahsan-abbasi342,0,1.1
INT-10858,Sidra Malik,sidra.malik858@icloud.com,03366248437,25,Male,Gujranwala,Punjab,BS Computer Science,Bahria University,3.36,"SQL, Pandas",17,Human Resources,Direct,47000,2025-03-22 22:23:00,https://www.linkedin.com/in/sidra-malik858,2,1.4
INT-10731,Sidra Jatoi,sidra.jatoi731@yahoo.com,03129958571,31,Male,Lahore,Punjab,BS Data Science,Mehran University,2.9,"Tableau, Pandas, Data Visualization, Power BI, Python, Statistics",9,Data Analytics,Internee.pk,16000,2025-04-29 08:55:00,https://www.linkedin.com/in/sidra-jatoi731,6,0.8
INT-10278,Sidra Ansari,sidra.ansari278@yahoo.com,03430736607,27,Male,Quetta,Balochistan,BS Statistics,Shah Abdul Latif University,3.12,"Communication, Machine Learning, Html, Css, Data Visualization, Excel",18,Finance,LinkedIn,23000,2025-03-23 11:49:00,https://www.linkedin.com/in/sidra-ansari278,6,1.5
INT-10635,Ali Mirza,ali.mirza635@gmail.com,03485536563,22,Prefer not to say,Larkana,Sindh,BS Software Engineering,Shah Abdul Latif University,3.24,Not Specified,4,Data Analytics,Internee.pk,24000,2025-04-08 10:38:00,https://www.linkedin.com/in/ali-mirza635,0,0.3
INT-10830,Rida Baloch,rida.baloch830@yahoo.com,03023717876,25,Male,Hyderabad,Sindh,BS Software Engineering,Shah Abdul Latif University,3.79,"Excel, Pandas",15,Data Analytics,Direct,31000,2025-03-18 18:35:00,https://www.linkedin.com/in/rida-baloch830,2,1.2
INT-10737,Nimra Baloch,nimra.baloch737@yahoo.com,03439081181,21,Female,Nawabshah,Sindh,BS Information Technology,Shah Abdul Latif University,2.9,"Git, Html, Css, Pandas, Tableau, Communication",5,Product,LinkedIn,48000,2025-03-26 14:35:00,https://www.linkedin.com/in/nimra-baloch737,6,0.4
INT-10094,Zain Ali,zain.ali94@yahoo.com,03367334182,24,Male,Khairpur,Sindh,BS Information Technology,COMSATS University,3.28,"Python, Data Visualization, Statistics, Html, Css, Power BI",26,Business Intelligence,Referral,20000,2025-04-29 06:28:00,Not Provided,6,2.2
INT-10027,Laiba Ansari,laiba.ansari27@yahoo.com,03051648194,27,Female,Peshawar,Khyber Pakhtunkhwa,BS Computer Science,LUMS,2.92,"Tableau, Power BI, Machine Learning",5,Software Development,Indeed,21000,2025-04-10 21:38:00,https://www.linkedin.com/in/laiba-ansari27,3,0.4
INT-10720,Noor Shah,noor.shah720@outlook.com,03263907126,22,Male,Khairpur,Sindh,BBA,COMSATS University,3.16,"Excel, Machine Learning, Pandas",15,Business Intelligence,Indeed,40000,2025-04-15 02:57:00,https://www.linkedin.com/in/noor-shah720,3,1.2
INT-10210,Yasir Chandio,yasir.chandio210@outlook.com,03424427507,24,Female,Faisalabad,Punjab,BS Computer Science,Mehran University,2.98,"Statistics, Pandas, Html, Css, Machine Learning, SQL",3,Human Resources,Indeed,30000,2025-03-18 09:16:00,https://www.linkedin.com/in/yasir-chandio210,6,0.2
INT-10829,Ali Memon,ali.memon829@icloud.com,03176217237,29,Male,Faisalabad,Punjab,BS Information Technology,Not Provided,2.65,"Power BI, Pandas, Python, Statistics, Git, Data Visualization",17,Data Analytics,LinkedIn,43000,2025-03-04 08:21:00,https://www.linkedin.com/in/ali-memon829,6,1.4
INT-10770,Nimra Rajput,nimra.rajput770@gmail.com,03129994723,25,Male,Khairpur,Sindh,BBA,Bahria University,3.7,"Statistics, SQL, Python, Excel, Machine Learning",6,Marketing,Internee.pk,42000,2025-03-12 14:48:00,https://www.linkedin.com/in/nimra-rajput770,5,0.5
INT-10422,Bilal Siddiqui,bilal.siddiqui422@yahoo.com,03185768367,26,Male,Hyderabad,Sindh,BS Statistics,University of Sindh,3.46,"Excel, Communication, Tableau, Machine Learning",5,Data Analytics,Direct,19000,2025-03-13 01:09:00,https://www.linkedin.com/in/bilal-siddiqui422,4,0.4
INT-10486,Hussain Syed,hussain.syed486@yahoo.com,Not Provided,25,Male,Larkana,Sindh,BS Information Technology,University of Karachi,3.09,"SQL, Data Visualization, Python",49,Software Development,Referral,28000,2025-04-16 07:56:00,Not Provided,3,4.1
INT-10192,Mariam Mirza,mariam.mirza192@yahoo.com,03425507584,24,Female,Islamabad,Islamabad Capital Territory,BS Computer Science,FAST NUCES,3.81,"Statistics, Html, Css, Communication, Pandas",23,Product,University Portal,30000,2025-03-29 20:59:00,https://www.linkedin.com/in/mariam-mirza192,5,1.9
INT-10394,Hamza Syed,hamza.syed394@outlook.com,03448376134,26,Male,Larkana,Sindh,BS Information Technology,IBA Karachi,3.48,"Statistics, Data Visualization",4,Human Resources,Indeed,18000,2025-03-05 01:53:00,https://www.linkedin.com/in/hamza-syed394,2,0.3
INT-10113,Laiba Rajput,laiba.rajput113@gmail.com,03416622099,30,Male,Sukkur,Sindh,BS Statistics,Mehran University,2.96,"Excel, Communication",10,Data Analytics,Indeed,23000,2025-04-20 06:10:00,https://www.linkedin.com/in/laiba-rajput113,2,0.8
INT-10151,Ahsan Rajput,ahsan.rajput151@yahoo.com,03149976126,22,Female,Abbottabad,Khyber Pakhtunkhwa,BS Software Engineering,Bahria University,3.37,"Tableau, Excel, Html, Css, SQL, Power BI",4,Data Analytics,Indeed,38000,2025-03-21 23:24:00,https://www.linkedin.com/in/ahsan-rajput151,6,0.3
INT-10467,Saad Syed,saad.syed467@gmail.com,03278227896,18,Male,Islamabad,Islamabad Capital Territory,BS Data Science,University of Karachi,3.12,"SQL, Data Visualization, Communication",8,Product,Indeed,41000,2025-04-27 23:33:00,https://www.linkedin.com/in/saad-syed467,3,0.7
INT-10656,Ahsan Siddiqui,ahsan.siddiqui656@outlook.com,03151678047,18,Female,Khairpur,Sindh,BS Data Science,FAST NUCES,2.73,"Git, Machine Learning, Communication, SQL, Pandas, Excel",6,Data Analytics,Direct,25000,2025-04-08 18:37:00,https://www.linkedin.com/in/ahsan-siddiqui656,6,0.5
INT-10598,Eman Rind,eman.rind598@gmail.com,03362325708,25,Female,Sukkur,Sindh,BS Computer Science,Punjab University,3.02,"Data Visualization, SQL, Excel, Tableau, Machine Learning",9,Business Intelligence,Direct,34000,2025-04-26 18:54:00,https://www.linkedin.com/in/eman-rind598,5,0.8
INT-10765,Zain Baloch,zain.baloch765@gmail.com,03168499786,18,Male,Peshawar,Khyber Pakhtunkhwa,BS Computer Science,University of Karachi,2.51,"Excel, Data Visualization, Pandas, Tableau, SQL, Html, Css",4,Data Analytics,Referral,10000,2025-04-16 22:35:00,https://www.linkedin.com/in/zain-baloch765,7,0.3
INT-10005,Sajid Rind,sajid.rind5@outlook.com,03125959629,22,Male,Larkana,Sindh,BS Computer Science,FAST NUCES,3.19,"Excel, SQL, Data Visualization, Html, Css, Tableau",4,Data Analytics,LinkedIn,49000,2025-04-05 02:15:00,https://www.linkedin.com/in/sajid-rind5,6,0.3
INT-10214,Sana Ali,sana.ali214@outlook.com,03351800649,25,Male,Islamabad,Islamabad Capital Territory,BBA,COMSATS University,2.95,"Excel, Statistics",21,Data Analytics,University Portal,26000,2025-04-05 14:08:00,https://www.linkedin.com/in/sana-ali214,2,1.8
INT-10799,Saad Shah,saad.shah799@yahoo.com,03420776202,25,Male,Multan,Punjab,BS Statistics,Shah Abdul Latif University,3.75,"Pandas, Html, Css, Python, Git, Machine Learning",12,Software Development,Indeed,23000,2025-03-25 13:48:00,https://www.linkedin.com/in/saad-shah799,6,1.0
INT-10154,Sidra Khan,sidra.khan154@yahoo.com,03396392533,23,Female,Khairpur,Sindh,BBA,Shah Abdul Latif University,3.34,"Tableau, Pandas",12,Marketing,Referral,38000,2025-04-15 01:22:00,https://www.linkedin.com/in/sidra-khan154,2,1.0
INT-10642,Zain Memon,zain.memon642@icloud.com,03390332478,21,Male,Hyderabad,Sindh,BS Economics,FAST NUCES,2.65,"Communication, Excel",3,Data Analytics,Indeed,12000,2025-03-30 00:49:00,https://www.linkedin.com/in/zain-memon642,2,0.2
INT-10534,Farhan Ali,farhan.ali534@outlook.com,03457327003,21,Female,Abbottabad,Khyber Pakhtunkhwa,BS Economics,Shah Abdul Latif University,2.59,"Communication, Machine Learning, Excel, Html, Css",29,Data Analytics,Indeed,22000,2025-03-04 02:31:00,https://www.linkedin.com/in/farhan-ali534,5,2.4
INT-10038,Areeba Malik,areeba.malik38@outlook.com,03448779786,21,Female,Karachi,Sindh,BS Computer Science,FAST NUCES,3.22,"Data Visualization, Pandas",4,Business Intelligence,University Portal,14000,2025-03-12 00:02:00,https://www.linkedin.com/in/areeba-malik38,2,0.3
INT-10415,Eman Chandio,eman.chandio415@icloud.com,03488990154,34,Female,Abbottabad,Khyber Pakhtunkhwa,BS Statistics,NED University,3.18,"Statistics, Communication, Python, Power BI, Excel",9,Business Intelligence,Indeed,34000,2025-03-16 00:13:00,https://www.linkedin.com/in/eman-chandio415,5,0.8
INT-10039,Laiba Mirza,laiba.mirza39@icloud.com,03221548228,22,Prefer not to say,Khairpur,Sindh,BS Information Technology,University of Sindh,2.83,"Tableau, Power BI, Statistics",4,Data Analytics,Indeed,28000,2025-03-23 12:28:00,https://www.linkedin.com/in/laiba-mirza39,3,0.3
INT-10052,Farhan Malik,farhan.malik52@gmail.com,03268860634,24,Female,Khairpur,Sindh,BS Economics,Bahria University,2.95,"Excel, Git",17,Data Analytics,University Portal,38000,2025-03-25 14:53:00,Not Provided,2,1.4
INT-10517,Eman Mirza,eman.mirza517@gmail.com,03169467373,24,Male,Mardan,Khyber Pakhtunkhwa,BS Software Engineering,COMSATS University,2.91,"Html, Css, Power BI, Pandas, Data Visualization",3,Business Intelligence,University Portal,29000,2025-04-16 08:43:00,https://www.linkedin.com/in/eman-mirza517,5,0.2
INT-10811,Sajid Bhatti,sajid.bhatti811@yahoo.com,03160803844,19,Male,Khairpur,Sindh,BS Information Technology,LUMS,3.41,"Python, Machine Learning, Statistics, Pandas",17,Software Development,University Portal,53000,2025-03-21 07:44:00,https://www.linkedin.com/in/sajid-bhatti811,4,1.4
INT-10330,Shayan Shah,shayan.shah330@gmail.com,03484883574,29,Female,Quetta,Balochistan,BS Computer Science,IBA Karachi,3.12,"Html, Css, Communication, Power BI, Machine Learning, Python",19,Data Analytics,Indeed,31000,2025-03-08 04:44:00,https://www.linkedin.com/in/shayan-shah330,6,1.6
INT-10204,Hira Memon,hira.memon204@outlook.com,03005655881,24,Male,Faisalabad,Punjab,BBA,University of Karachi,2.59,Not Specified,5,Product,Indeed,33000,2025-04-27 07:49:00,https://www.linkedin.com/in/hira-memon204,0,0.4
INT-10692,Hussain Mirza,hussain.mirza692@gmail.com,03351311658,25,Male,Islamabad,Islamabad Capital Territory,BS Computer Science,University of Sindh,2.6,"Git, Machine Learning, Html, Css, Tableau, Communication",17,Marketing,Direct,43000,2025-03-16 20:50:00,https://www.linkedin.com/in/hussain-mirza692,6,1.4
INT-10823,Yasir Jatoi,yasir.jatoi823@gmail.com,03201222803,26,Male,Larkana,Sindh,BBA,University of Sindh,3.9,"Statistics, Tableau, Data Visualization, Git, Communication, Html, Css",16,Product,Referral,28000,2025-04-07 15:30:00,https://www.linkedin.com/in/yasir-jatoi823,7,1.3
INT-10839,Zain Shah,zain.shah839@outlook.com,03414311973,20,Prefer not to say,Faisalabad,Punjab,BS Software Engineering,NED University,2.65,"Data Visualization, Excel, Statistics",2,Software Development,Referral,37000,2025-04-14 23:24:00,https://www.linkedin.com/in/zain-shah839,3,0.2
INT-10650,Iqra Rajput,iqra.rajput650@icloud.com,03134003114,22,Female,Larkana,Sindh,BS Statistics,COMSATS University,3.09,"Machine Learning, Python, Communication, Html, Css",9,Data Analytics,Internee.pk,10000,2025-04-28 06:44:00,https://www.linkedin.com/in/iqra-rajput650,5,0.8
INT-10276,Fatima Abbasi,fatima.abbasi276@yahoo.com,03345519960,28,Female,Mardan,Khyber Pakhtunkhwa,BS Information Technology,IBA Karachi,3.36,"Data Visualization, SQL",4,Software Development,Referral,28000,2025-03-16 06:16:00,https://www.linkedin.com/in/fatima-abbasi276,2,0.3
INT-10110,Noor Bhatti,noor.bhatti110@outlook.com,03331733842,21,Female,Multan,Punjab,BS Information Technology,Mehran University,3.09,"Python, Machine Learning, Data Visualization, Statistics, Excel, Pandas",3,Business Intelligence,Internee.pk,21000,2025-04-13 11:59:00,https://www.linkedin.com/in/noor-bhatti110,6,0.2
INT-10287,Talha Shah,talha.shah287@icloud.com,03132770107,29,Female,Faisalabad,Punjab,BBA,Shah Abdul Latif University,3.1,"Html, Css, Data Visualization, Python, Excel, Tableau, SQL",4,Data Analytics,University Portal,17000,2025-04-20 05:20:00,https://www.linkedin.com/in/talha-shah287,7,0.3
INT-10580,Usman Ali,usman.ali580@gmail.com,03307809106,24,Male,Mardan,Khyber Pakhtunkhwa,BS Software Engineering,Punjab University,3.25,"Tableau, Python, Power BI, Communication, Pandas",6,Human Resources,University Portal,40000,2025-04-11 23:34:00,https://www.linkedin.com/in/usman-ali580,5,0.5
INT-10800,Saad Ahmed,saad.ahmed800@outlook.com,03379051243,23,Female,Karachi,Sindh,BBA,FAST NUCES,2.95,"Data Visualization, SQL",28,Data Analytics,LinkedIn,24000,2025-04-23 16:34:00,https://www.linkedin.com/in/saad-ahmed800,2,2.3
INT-10454,Ahsan Jatoi,ahsan.jatoi454@yahoo.com,03009042554,28,Male,Sukkur,Sindh,BS Data Science,IBA Karachi,3.15,"Machine Learning, Communication, Power BI",3,Data Analytics,University Portal,24000,2025-04-21 05:10:00,https://www.linkedin.com/in/ahsan-jatoi454,3,0.2
INT-10369,Sidra Memon,sidra.memon369@yahoo.com,03169041842,30,Male,Larkana,Sindh,BBA,COMSATS University,2.94,"Html, Css, Python, Tableau, Power BI, Pandas, Machine Learning",15,Finance,Direct,21000,2025-04-13 01:03:00,https://www.linkedin.com/in/sidra-memon369,7,1.2
INT-10310,Danish Bhatti,danish.bhatti310@icloud.com,03288541894,24,Male,Hyderabad,Sindh,BS Computer Science,COMSATS University,2.72,"Excel, Pandas, Git",7,Data Analytics,LinkedIn,65000,2025-04-21 07:46:00,https://www.linkedin.com/in/danish-bhatti310,3,0.6
INT-10429,Usman Memon,usman.memon429@icloud.com,03363978910,22,Female,Lahore,Punjab,BS Software Engineering,Punjab University,3.13,"Communication, Pandas, Data Visualization",2,Business Intelligence,Indeed,36000,2025-03-13 09:41:00,https://www.linkedin.com/in/usman-memon429,3,0.2
INT-10016,Fatima Ansari,fatima.ansari16@yahoo.com,03487300492,25,Female,Gujranwala,Punjab,BS Statistics,University of Sindh,2.87,"Pandas, Statistics, Data Visualization, Html, Css",1,Product,LinkedIn,16000,2025-04-11 17:18:00,https://www.linkedin.com/in/fatima-ansari16,5,0.1
INT-10472,Ahsan Baloch,ahsan.baloch472@outlook.com,03483920429,19,Female,Karachi,Sindh,BS Information Technology,Mehran University,3.06,"Excel, Machine Learning, Statistics, Communication, Git",0,Business Intelligence,LinkedIn,18000,2025-03-17 10:57:00,https://www.linkedin.com/in/ahsan-baloch472,5,0.0
INT-10361,Sajid Memon,sajid.memon361@icloud.com,03440322468,25,Male,Lahore,Punjab,BS Economics,NED University,2.27,"Communication, Excel, Statistics, Power BI",4,Data Analytics,LinkedIn,21000,2025-03-08 20:52:00,https://www.linkedin.com/in/sajid-memon361,4,0.3
INT-10749,Mariam Mirza,mariam.mirza749@gmail.com,03341673036,22,Male,Multan,Punjab,BS Data Science,NUST,2.74,"Communication, Pandas, Git, Machine Learning, Excel",10,Marketing,University Portal,39000,2025-04-03 11:59:00,https://www.linkedin.com/in/mariam-mirza749,5,0.8
INT-10757,Hira Abbasi,hira.abbasi757@outlook.com,Not Provided,25,Male,Nawabshah,Sindh,BS Economics,LUMS,2.76,"Power BI, Html, Css, Excel, Communication",11,Business Intelligence,Referral,32000,2025-03-19 07:57:00,https://www.linkedin.com/in/hira-abbasi757,5,0.9
INT-10622,Sana Shah,sana.shah622@icloud.com,03092845056,30,Male,Faisalabad,Punjab,BS Information Technology,Punjab University,3.22,"Machine Learning, Statistics, SQL, Python, Tableau",14,Product,University Portal,44000,2025-03-01 17:15:00,Not Provided,5,1.2
INT-10514,Talha Mirza,talha.mirza514@outlook.com,03426151425,24,Male,Peshawar,Khyber Pakhtunkhwa,BS Data Science,LUMS,3.02,"Tableau, Machine Learning, Git, Excel, Html, Css",3,Data Analytics,University Portal,24000,2025-04-18 15:08:00,https://www.linkedin.com/in/talha-mirza514,6,0.2
INT-10004,Usman Memon,usman.memon4@icloud.com,03252708888,25,Female,Karachi,Sindh,BS Computer Science,University of Karachi,2.96,"Excel, Data Visualization",7,Data Analytics,LinkedIn,31000,2025-04-18 11:34:00,https://www.linkedin.com/in/usman-memon4,2,0.6
INT-10347,Mariam Khan,mariam.khan347@yahoo.com,03079355830,27,Male,Peshawar,Khyber Pakhtunkhwa,BS Statistics,LUMS,3.05,"Excel, Git, Tableau, Communication, Python",12,Marketing,Referral,30000,2025-03-31 07:11:00,https://www.linkedin.com/in/mariam-khan347,5,1.0
INT-10754,Shayan Abbasi,shayan.abbasi754@yahoo.com,03060796551,29,Female,Rawalpindi,Punjab,BS Economics,NED University,2.47,"Data Visualization, Excel, Html, Css, Git, Machine Learning",6,Software Development,LinkedIn,32000,2025-04-25 14:20:00,https://www.linkedin.com/in/shayan-abbasi754,6,0.5
INT-10483,Fatima Baloch,fatima.baloch483@outlook.com,03086977622,22,Female,Gujranwala,Punjab,BS Data Science,Shah Abdul Latif University,2.57,"Data Visualization, Pandas, Tableau, Excel, SQL, Statistics",12,Software Development,Direct,40000,2025-04-05 09:08:00,https://www.linkedin.com/in/fatima-baloch483,6,1.0
INT-10465,Talha Jatoi,talha.jatoi465@outlook.com,03145881681,22,Male,Islamabad,Islamabad Capital Territory,BS Computer Science,IBA Karachi,2.89,"SQL, Excel, Statistics, Data Visualization, Html, Css, Machine Learning",19,Human Resources,Referral,36000,2025-03-14 00:10:00,https://www.linkedin.com/in/talha-jatoi465,7,1.6
INT-10734,Eman Syed,eman.syed734@yahoo.com,03162675606,22,Male,Sukkur,Sindh,BS Computer Science,University of Karachi,2.36,"Html, Css, Power BI, Git, Excel, SQL",4,Business Intelligence,Internee.pk,37000,2025-03-30 07:05:00,https://www.linkedin.com/in/eman-syed734,6,0.3
INT-10354,Nimra Bhatti,nimra.bhatti354@icloud.com,03126889500,24,Male,Nawabshah,Sindh,BS Information Technology,University of Karachi,2.77,Not Specified,9,Product,LinkedIn,36000,2025-03-02 05:46:00,https://www.linkedin.com/in/nimra-bhatti354,0,0.8
INT-10427,Bilal Rajput,bilal.rajput427@yahoo.com,03146172137,25,Male,Nawabshah,Sindh,BS Computer Science,NUST,2.89,"Machine Learning, SQL, Data Visualization, Statistics, Git, Python",18,Data Analytics,LinkedIn,47000,2025-04-03 08:11:00,https://www.linkedin.com/in/bilal-rajput427,6,1.5
